IMR,DISTRICT,FD,STATE,FS,POPULATION,BCG,DPT_1,DPT_2,DPT_3,PENTA_1,PENTA_2,PENTA_3,OPV_0,OPV_1,OPV_2,OPV_3,HEP_B0,HEP_B1,HEP_B2,HEP_B3,MEAS_1,MEAS_2,JE_1,M_FI_9_11,F_FI_9_11,T_FI_9_11,DPT_1B,OPV_B,MMR_V,DPT5_2B,TT_10,TT_16,AEFI_A,AEFI_D,AEFI_O,IS_P,IS_H,IS_ASHA,JE_16M,dropout_gap_percent,asha_efficiency_ratio,IMR_TARGET,IMR_TARGET_NUM
LOW,Nicobar,NPD,A&N Islands,NHF,36819,449.75,439,453,457,118,127,142,423,545,552,570,304.5,368,369,396,485,408,1,325,319,645,525,519,62,286,426,278,0,0,17,712,647,464,3,0.0,12.602189087156088,LOW,0
LOW,North&Middle Andaman,NPD,A&N Islands,NHF,105539,851.75,895,901,927,296,288,287,720,1241,1249,1252,147.25,631,636,676,1330,296,1,587,611,1199,1337,1338,476,906,1177,1145,0,0,23,931,858,430,0,0.0,4.074323235960167,LOW,0
LOW,South Andaman,NPD,A&N Islands,NHF,237586,3053.5,1887,1872,1926,657,646,682,2985,2802,2781,2839,2097.0,1403,1374,1443,2464,2213,4,1490,1429,2920,2789,2769,626,921,1405,1690,3,0,53,1444,1416,681,0,4.372032094317996,2.866330507689847,LOW,0
HIGH,Anantapur,NPD,ANDHRA PRADESH OLD,NHF,4083315,73600.75,22773,25129,26089,55044,53803,53054,68794,75908,76804,77781,50646.75,24411,25786,30391,59868,49639,854,41708,39059,80767,66932,67225,3551,64153,67211,64715,52,0,1138,52604,52282,47921,46,0.0,11.735807793422747,HIGH,1
HIGH,Chittoor,NPD,ANDHRA PRADESH OLD,NHF,4170468,65335.75,21121,22133,23395,45145,43883,43098,64064,63047,63844,64271,59392.75,20864,22333,23430,51275,31246,6286,33478,30978,64457,57385,57613,2552,52562,55471,55094,30,0,9,60576,60291,44909,18666,1.3449757598252106,10.768335831853882,HIGH,1
HIGH,Cuddapah(YSR),PD,ANDHRA PRADESH OLD,NHF,2884524,59152.25,16577,17269,18404,40206,38384,37250,53719,55640,54599,54564,46427.5,17124,17425,18458,42812,40952,49,27401,25316,52717,48902,49330,504,49010,47750,46143,14,0,70,34606,34583,25368,8,10.879129703434781,8.794518610349575,HIGH,1
HIGH,East Godavari,NPD,ANDHRA PRADESH OLD,NHF,5151549,83146.25,24464,25705,27399,50945,50301,50428,72556,75697,76425,77837,51996.75,24090,25035,26788,60224,41460,1054,42583,40807,83390,72472,72403,6184,66430,68290,68824,97,0,26,45422,45346,44002,533,0.0,8.541508583146545,HIGH,1
HIGH,Guntur,NPD,ANDHRA PRADESH OLD,NHF,4889230,76420.25,35581,35610,36149,53269,52252,52525,68880,76184,74730,77567,51316.5,36604,35476,37892,60469,55883,377,39144,37420,76564,70674,70747,1862,81536,83757,78441,17,0,147,54362,53700,44625,4,0.0,9.12720407916993,HIGH,1
HIGH,Krishna,NPD,ANDHRA PRADESH OLD,NHF,4529009,66974.75,18158,19803,21473,48405,47649,46955,53664,66264,67245,68285,42071.0,18387,19911,21598,51424,47825,41248,35708,33304,69013,62323,62286,675,53029,51475,48870,26,1,96,34032,33967,32536,55678,0.0,7.183911535614083,HIGH,1
HIGH,Kurnool,PD,ANDHRA PRADESH OLD,NHF,4046601,74736.5,19629,20838,23165,51331,49232,48761,56635,68156,68610,68754,31907.75,19330,20601,22636,54350,52020,46136,34950,31727,66677,62020,61773,1878,52816,51610,46801,114,4,798,45140,43204,36301,49518,10.783887391033833,8.970738652019312,HIGH,1
HIGH,Nellore,NPD,ANDHRA PRADESH OLD,NHF,2966082,48408.75,14987,15455,16351,27583,27122,27220,46739,40436,40640,41884,43406.75,14550,14990,16157,32725,29884,15468,22196,20098,42294,39563,39993,1360,40274,45369,45734,63,0,303,44294,43614,33519,27794,12.631497404911302,11.300766465660761,HIGH,1
HIGH,Prakasam,NPD,ANDHRA PRADESH OLD,NHF,3392764,55473.0,17923,18458,20208,38244,36993,37270,47995,55213,54637,56744,21074.25,18014,18200,19822,43638,29127,361,26491,23901,50392,52742,52937,3759,53259,63130,63003,8,0,28,52926,52667,40007,49,9.159410884574477,11.791860559708839,HIGH,1
HIGH,Srikakulam,NPD,ANDHRA PRADESH OLD,NHF,2699471,45370.0,13721,14845,15776,29345,29414,29068,42948,42672,44046,44420,27105.0,14141,15152,16083,33298,26678,155,21314,20134,41449,68229,38205,749,33832,36843,40522,11,1,4,33841,33814,31718,9,8.642274630813313,11.74970948011666,HIGH,1
HIGH,Vishakapatnam,PD,ANDHRA PRADESH OLD,NHF,4288113,65974.0,16321,17564,19540,43567,43025,43840,57552,57904,58909,61617,45032.5,16912,17667,19616,47477,28458,394,32916,31120,64036,55770,55726,3232,51241,53139,53086,29,1,43,42497,41973,40914,18,2.9375208415436385,9.541259756914055,HIGH,1
HIGH,Vizianagaram,PD,ANDHRA PRADESH OLD,NHF,2342868,39203.75,13253,14002,14721,25876,25699,25167,30761,37958,38568,38757,26676.0,12978,14150,14805,33186,22939,307,18997,17893,36890,34968,34974,907,33983,40994,40929,0,0,0,42177,41774,35677,17,5.901858878296081,15.2279172364811,HIGH,1
HIGH,West Godavari,NPD,ANDHRA PRADESH OLD,NHF,3934782,68957.5,20079,21003,22308,38588,38377,38682,58861,58062,58895,60478,46150.25,22592,21024,22120,45464,36513,300,35689,34017,69706,53875,53853,1021,54186,57250,58257,33,0,0,32612,32580,31268,187,0.0,7.946564765214438,HIGH,1
HIGH,Anjaw,NPD,ARUNACHAL PRADESH,HF,21089,147.5,118,101,96,125,109,113,72,233,201,200,21.75,81,99,93,146,56,0,58,60,119,104,101,0,33,142,177,1,0,0,304,219,145,0,19.322033898305087,6.875622362369008,HIGH,1
HIGH,Changlang,NPD,ARUNACHAL PRADESH,HF,147951,2394.75,1143,1087,1042,1447,1306,1136,1268,2539,2336,2120,888.5,1013,950,901,1562,1398,686,950,880,1831,1565,1572,0,715,652,599,0,0,0,989,981,790,1699,23.541079444618436,5.339605680259004,HIGH,1
HIGH,Dibang Valley,NPD,ARUNACHAL PRADESH,HF,7948,71.25,47,49,47,44,41,41,55,86,87,85,21.25,54,57,54,59,24,0,31,31,62,63,67,13,43,121,82,0,0,0,152,137,165,0,12.982456140350877,20.759939607448416,HIGH,1
HIGH,East Kameng,PD,ARUNACHAL PRADESH,HF,78413,904.25,697,699,715,599,541,488,817,1244,1200,1193,598.5,752,758,759,689,161,1,435,383,818,287,292,35,51,105,93,0,0,25,385,314,292,0,9.538291401714128,3.7238723170902785,HIGH,1
HIGH,East Siang,NPD,ARUNACHAL PRADESH,HF,99019,1891.5,768,768,753,876,822,763,1515,1638,1563,1514,1229.25,812,802,787,1127,990,11,646,616,1263,1092,1094,15,130,218,189,1,0,1,1286,1274,924,0,33.227597145122914,9.331542431250568,HIGH,1
HIGH,Kurung Kumey,PD,ARUNACHAL PRADESH,HF,89717,906.0,461,401,418,468,420,391,356,863,790,756,123.0,432,386,395,573,373,3,392,353,746,529,539,1,90,171,228,0,0,0,504,459,434,0,17.660044150110377,4.8374332623694505,HIGH,1
HIGH,Lohit,NPD,ARUNACHAL PRADESH,HF,145538,2602.0,1169,1117,1072,1467,1258,1118,1562,2559,2306,2135,1097.5,1041,991,952,1573,1327,946,960,842,1802,1343,1377,24,429,333,313,0,0,1,963,923,754,1177,30.74558032282859,5.180777528892798,HIGH,1
HIGH,Lower Dibang Valley,PD,ARUNACHAL PRADESH,HF,53986,856.5,387,362,348,476,441,428,641,890,818,756,411.5,379,359,349,558,383,1,372,344,716,567,584,11,95,103,80,0,0,38,421,397,354,0,16.40396964389959,6.55725558478124,HIGH,1
HIGH,Lower Subansiri,PD,ARUNACHAL PRADESH,HF,82839,639.75,386,390,389,475,446,417,489,869,829,815,427.25,399,384,379,653,619,10,345,339,685,685,710,29,212,141,124,0,0,0,536,524,298,0,0.0,3.59733941742416,HIGH,1
HIGH,Papum Pare,NPD,ARUNACHAL PRADESH,HF,176385,4909.25,1660,1654,1431,2013,1707,1611,5370,3440,3045,2805,3214.5,2506,2212,1977,2628,1614,899,1668,1727,3395,2242,2202,36,790,728,610,3,0,0,1542,1479,400,1416,30.844833732240158,2.267766533435383,HIGH,1
HIGH,Tawang,PD,ARUNACHAL PRADESH,HF,49950,673.75,298,306,317,403,377,348,317,706,683,663,236.0,303,317,323,544,508,0,320,307,627,565,589,3,280,96,54,0,0,0,299,279,88,0,6.938775510204081,1.7617617617617616,HIGH,1
HIGH,Tirap,NPD,ARUNACHAL PRADESH,HF,111997,1512.75,810,798,787,966,847,729,641,1662,1559,1449,517.25,757,890,864,978,1533,4,620,570,1191,1044,1032,18,417,301,196,0,0,0,1027,913,292,0,21.269211700545366,2.6072126931971393,HIGH,1
HIGH,Upper Siang,PD,ARUNACHAL PRADESH,HF,35289,377.75,385,223,236,375,266,251,347,471,474,476,242.5,241,237,246,385,260,1,276,237,514,361,354,9,131,130,154,0,0,0,535,458,390,0,0.0,11.051602482359943,HIGH,1
HIGH,Upper Subansiri,PD,ARUNACHAL PRADESH,HF,83205,944.25,533,547,557,503,478,430,548,941,928,899,179.5,513,539,531,889,602,3,467,446,913,738,729,24,40,323,380,2,0,0,543,508,461,1,3.309504898067249,5.540532419926687,HIGH,1
HIGH,West Kameng,NPD,ARUNACHAL PRADESH,HF,87013,1165.75,668,627,589,690,646,582,910,1260,1184,1084,422.5,617,585,592,947,725,4,596,582,1179,861,859,25,182,283,372,0,0,0,504,469,450,0,0.0,5.171641019158057,HIGH,1
HIGH,West Siang,NPD,ARUNACHAL PRADESH,HF,112272,1391.75,658,667,661,864,796,724,547,1476,1443,1373,281.0,629,640,638,1061,1002,3,646,617,1263,1045,1044,4,391,282,263,0,0,0,443,411,381,0,9.250943057301958,3.39354424967935,HIGH,1
HIGH,Baksa,NPD,Assam,HF,953773,13657.75,3798,4210,4446,11876,11359,10765,4826,15205,15134,14933,2768.5,3754,4122,4350,11316,13181,5492,7630,7112,14742,13704,13888,7,6791,4088,2706,11,0,650,9640,9471,9389,8035,0.0,9.844061427614328,HIGH,1
HIGH,Barpeta,NPD,Assam,HF,1693190,38283.5,8660,9704,10466,30353,28603,27337,13321,36257,35770,35260,11545.25,8267,9287,9905,28835,27995,25018,18555,17061,35616,30730,29929,0,12472,10779,8529,27,0,191,16090,15773,15671,23164,6.967753732025546,9.255310981047609,HIGH,1
HIGH,Bongaigaon,NPD,Assam,HF,732639,16193.75,3688,4093,4447,11367,10659,9921,4060,14776,14470,14100,2898.5,3486,3916,4308,10809,12168,5468,7287,6950,14237,12758,12740,0,4527,2592,1463,0,0,6,7747,7586,6922,7112,12.083365495947511,9.448036481814373,HIGH,1
HIGH,Cachar,NPD,Assam,HF,1736319,42848.25,9344,10406,11166,28848,27531,26304,20030,35588,35408,35145,16067.5,8193,9109,9640,28672,32365,14776,19112,18105,37217,33709,32469,190,20352,19796,15255,0,0,0,19232,18743,18284,19752,13.1423103627336,10.530323056995861,HIGH,1
HIGH,Chirang,NPD,Assam,HF,481818,9077.25,2143,2376,2563,7160,6800,6331,2736,8644,8595,8397,1240.0,2130,2383,2583,6873,7498,3697,4468,4310,8779,7607,7530,0,3291,1978,1498,0,0,0,5713,5506,5451,4611,3.2856867443333613,11.31340049562283,HIGH,1
HIGH,Darrang,NPD,Assam,HF,908090,18140.25,4303,4878,5294,15584,14813,14167,9889,19140,18951,18692,9658.75,4269,4841,5256,14843,17296,12899,10150,9259,19410,17790,17370,0,9651,7584,6587,31,0,989,10545,10250,9677,12438,0.0,10.656432732438414,HIGH,1
HIGH,Dhemaji,NPD,Assam,HF,688077,14264.0,3013,3452,3693,10500,10174,9651,7760,13068,13219,13034,8074.5,3028,3444,3722,10489,11609,9871,6841,6555,13397,12261,12105,31,4883,3215,1989,24,0,166,8132,7884,7746,10931,6.078238923163208,11.257461010904303,HIGH,1
HIGH,Dhubri,PD,Assam,HF,1948632,52432.0,11143,13045,13632,37820,35354,33218,15841,48758,47867,46361,12453.0,11387,12694,13123,35193,31249,8896,23826,21792,45618,32166,33199,7,10914,9280,7086,0,0,16,18901,18104,17345,12048,12.995880378394872,8.901116270286026,HIGH,1
HIGH,Dibrugarh,NPD,Assam,HF,1327748,23597.5,5089,5485,5855,16072,15420,14720,16229,19955,19877,19585,12965.0,4919,5393,5834,16141,18899,14847,10792,10106,20898,19521,19403,506,13560,8543,4222,0,0,2,12006,11913,11777,17672,11.439771162199385,8.869906036386421,HIGH,1
HIGH,Dima Hasao (North Cachar Hills),NPD,Assam,HF,213529,3168.25,971,1072,1158,3305,3048,2839,2771,4269,4118,3996,2156.5,968,1073,1155,2923,3284,1763,1887,1887,3774,3148,3304,0,1223,1272,1104,2,0,261,4653,4408,4066,1818,0.0,19.04190999817355,HIGH,1
HIGH,Goalpara,NPD,Assam,HF,1008959,25371.75,5394,6213,6745,19094,17872,16850,9474,23367,22971,22564,8129.5,5431,6186,6629,17782,19105,14835,11816,11028,22844,20375,19830,31,7249,5387,3954,0,0,0,11238,10759,10359,15331,9.962852385034536,10.26701778764053,HIGH,1
HIGH,Golaghat,PD,Assam,HF,1058674,17785.75,4124,4489,4635,13872,13165,12557,10002,17524,17196,16667,9216.75,4118,4486,4614,12914,15401,10754,8638,8117,16756,15572,15494,9,8732,6820,4652,0,0,0,14116,14029,13720,14188,5.789747410145763,12.959607962413358,HIGH,1
HIGH,Hailakandi,PD,Assam,HF,659260,16725.75,3796,4222,4618,13051,12320,11640,6548,16560,16301,15969,5506.25,3811,4234,4592,12257,14931,7269,8303,7731,16035,14917,14635,0,9097,9656,7738,13,0,26,7920,7782,7332,9296,4.129859647549437,11.12156053757243,HIGH,1
HIGH,Jorhat,NPD,Assam,HF,1091295,17067.75,4214,4722,5084,13844,13326,12878,13444,17649,17737,17918,8761.5,4214,4735,5047,13962,15581,13512,9542,8640,18183,16902,16975,777,13751,12146,9559,0,0,68,12348,12150,11477,16156,0.0,10.516862993049543,HIGH,1
HIGH,Kamrup M,NPD,Assam,HF,1260419,32293.75,6969,7074,7471,19178,17161,16622,25379,24144,23535,23414,19862.75,9362,8000,8322,18687,17612,10144,11313,10524,21837,19702,19783,313,13532,10435,7952,2,0,201,7967,7906,7787,10340,32.38010450938649,6.178104265327641,HIGH,1
HIGH,Kamrup R,NPD,Assam,HF,1517202,27391.0,6726,7786,8511,23540,22501,21502,10129,29728,29828,29672,8186.5,6678,7770,8438,22949,26736,21887,15208,14118,29326,27853,28144,2,15279,10608,7104,5,0,72,12742,12595,12540,26997,0.0,8.265214519885948,HIGH,1
HIGH,Karbi Anglong,NPD,Assam,HF,965280,20795.25,4505,5160,5504,16569,16119,15042,7621,20507,20864,20293,5028.25,4465,5122,5477,15077,15878,8198,10254,9736,19990,16438,16522,24,7156,7230,6756,0,0,26,14029,13694,13382,9519,3.8722785251439626,13.863334990883473,HIGH,1
HIGH,Karimganj,PD,Assam,HF,1217002,30410.25,6337,8198,8030,22741,21517,19974,10875,28313,27955,26903,9137.5,6118,7228,7669,21255,22463,10738,13829,12930,26759,23441,22692,37,10355,12100,9924,1,0,2,14049,13558,12861,12100,12.006642497184338,10.567772279749745,HIGH,1
HIGH,Kokrajhar,PD,Assam,HF,886999,18461.75,4385,4922,5242,11540,11187,10723,7754,16425,16498,16188,6415.5,4216,4723,4981,12709,11315,4284,8255,7684,15940,12910,12930,32,5446,4675,4151,2,0,318,11788,11516,11467,5817,13.659322653594593,12.927861248998026,HIGH,1
HIGH,Lakhimpur,NPD,Assam,HF,1040644,20428.5,4499,4990,5342,16066,15343,14409,12145,20000,19991,19472,9906.0,4506,5006,5328,15667,17707,14927,10373,9900,20274,17951,18076,16,9690,7402,5136,0,0,0,14918,14210,14043,16992,0.7562963506865409,13.49452838819039,HIGH,1
HIGH,Marigaon,NPD,Assam,HF,957853,22368.0,4954,5506,5872,17610,16730,15826,9942,21789,21547,21109,9159.5,4945,5440,5773,16631,18608,10380,11084,10338,21423,19578,19642,203,11912,10375,7489,0,0,0,11248,10979,10881,13856,4.224785407725322,11.359780676158032,HIGH,1
HIGH,Nagaon,PD,Assam,HF,2826006,63166.25,13801,15668,16896,48795,46121,43187,37596,60746,60399,58934,29140.5,13451,15277,16616,46288,47712,42086,30519,28188,58707,51287,50768,27,24781,18741,12528,4,0,18,25974,25258,24563,43975,7.059545247659944,8.691772062762784,HIGH,1
HIGH,Nalbari,NPD,Assam,HF,769919,14194.0,3888,4064,4289,11641,10946,10295,10157,14873,14556,14167,8098.0,4404,4246,4437,10942,12425,7867,7374,6814,14189,12806,12879,0,6893,5360,4086,0,0,193,9115,9015,8327,9518,0.03522615189516697,10.815423440647653,HIGH,1
HIGH,Sibsagar,NPD,Assam,HF,1150253,16389.5,3970,4509,4882,13577,13082,12487,9243,16937,17120,16912,7243.0,3992,4599,4975,13368,15603,12093,8823,8304,17128,16473,16461,0,8944,6540,4245,0,0,0,13802,13399,13084,14522,0.0,11.374888828805489,HIGH,1
HIGH,Sonitpur,NPD,Assam,HF,1925975,36315.5,8150,9037,9740,27264,26126,25232,19481,34682,34226,33623,18808.25,8220,8982,9631,26791,29829,25752,17610,16663,34274,32360,32105,155,18593,15210,12125,3,1,62,21126,20544,19895,29581,5.621566548718867,10.329832941756772,HIGH,1
HIGH,Tinsukia,NPD,Assam,HF,1316948,23265.25,5478,6069,6586,17571,16778,16002,10720,22194,21994,21672,7638.0,5701,6238,6704,17392,18530,15383,11516,10615,22132,19971,20057,6,11052,7153,4728,0,0,0,11810,11714,11567,18060,4.870998592321166,8.783186579880148,HIGH,1
HIGH,Udalguri,NPD,Assam,HF,832769,12255.25,3389,3767,4053,10581,10093,9545,5578,13560,13484,13224,4641.0,3410,3756,4075,10691,12605,9718,6991,6601,13592,12892,12721,0,7409,3888,2707,20,0,839,9332,9090,8866,11964,0.0,10.646409748681807,HIGH,1
HIGH,Araria,PD,Bihar,HF,2806200,87987.0,15321,18776,21137,70032,65789,59748,57078,84046,83172,79224,48061.25,15126,18743,20914,61017,64700,53175,39498,36135,75634,66605,66347,74,8286,11575,21839,43,4,421,33078,31129,27287,59530,14.039574027981406,9.723825814268407,HIGH,1
HIGH,Arwal,NPD,Bihar,HF,699563,14823.75,2935,3425,4010,12585,11978,11291,11143,14784,14824,14822,9225.0,2998,3563,4329,11357,13445,9714,7607,6761,14369,14191,13943,5,1958,6519,10402,44,0,150,10938,10854,10507,12504,3.06771228602749,15.019376382112833,HIGH,1
HIGH,Aurangabad,NPD,Bihar,HF,2511243,57353.25,11257,13017,14780,46387,44613,42257,43542,56585,56712,56259,33121.25,11584,12995,14766,45923,52787,45220,30901,27832,58733,52838,52878,97,10615,16713,23699,22,0,31,32950,32583,29777,50868,0.0,11.857474565384553,HIGH,1
HIGH,Banka,NPD,Bihar,HF,2029339,49098.0,9783,11906,13664,41942,39812,37789,35323,50082,49779,49688,30798.5,9786,11969,13937,38623,45827,31193,25731,23118,48849,46758,46085,3,3574,6562,12257,99,0,335,26986,26824,24799,37645,0.5071489673713797,12.220235258870007,HIGH,1
HIGH,Begusarai,NPD,Bihar,HF,2954367,77228.75,14930,17585,19419,66410,62104,58820,65605,79871,78350,76869,54424.0,15495,17701,19408,59403,71627,4,40501,35936,76438,70285,71177,6,9168,11238,14947,4,4,8,35941,35763,33307,0,1.0239062525290128,11.273819400230236,HIGH,1
HIGH,Bhagalpur,NPD,Bihar,HF,3032226,76965.75,14025,16737,19471,64183,60657,57776,53266,77507,76386,76014,42406.75,14511,16770,19522,56440,67547,49477,37698,33849,71548,69022,68546,50,8019,10230,14193,15,1,69,33991,33922,30382,61995,7.039170020431166,10.019701697696675,HIGH,1
HIGH,Bhojpur,NPD,Bihar,HF,2720155,60433.5,10992,12916,14288,47291,43702,39723,44775,56677,55135,52527,35976.0,11037,12968,14265,43587,42049,39230,26941,23286,50227,45302,45010,27,9576,15867,22645,18,0,16,38794,38079,32206,37768,16.88881166902463,11.839766483895218,HIGH,1
HIGH,Buxar,NPD,Bihar,HF,1707643,38625.75,7687,9138,10497,32147,30207,28170,23757,38041,37485,36700,19851.75,7651,9102,10485,28443,33334,23678,19839,17440,37279,33696,32938,17,8568,9320,16381,45,0,116,23286,22859,20187,29213,3.4866636893782,11.821557550377918,HIGH,1
HIGH,Darbhanga,NPD,Bihar,HF,3921971,107876.5,20067,24105,27246,83093,77055,70833,55572,99091,96714,93044,38418.25,20299,23757,26890,75588,77380,55444,50081,45438,95520,79780,79177,0,16457,19602,33531,0,1,1,44526,42074,33934,70414,11.454301910054552,8.652282232581525,HIGH,1
HIGH,East Champaran,PD,Bihar,HF,5082868,148626.5,26218,33126,36807,120470,114564,105884,77464,146175,147331,141580,56081.5,26249,33003,36592,102417,113475,93041,68127,61628,129756,115693,115691,0,39924,29546,48972,18,2,29,59279,55911,39162,107396,12.696591792177033,7.704705296301222,HIGH,1
HIGH,Gaya,PD,Bihar,HF,4379383,106887.5,20943,24538,27780,87329,83534,78380,64502,103963,103461,101608,47850.75,22780,25808,28134,79551,87247,74843,50765,45766,96531,90965,90121,539,14898,31724,40802,1022,2,93,62140,60866,55072,98923,9.689159162671032,12.575287432042368,HIGH,1
HIGH,Gopalganj,NPD,Bihar,HF,2558037,67354.5,11642,13960,15766,54855,51061,47849,45162,64746,62960,61439,35570.75,11389,13518,15040,45808,57144,37467,32406,28347,60754,56911,57076,13,17227,12414,18596,62,0,40,27778,27033,24964,53439,9.799642191687266,9.759045705750152,HIGH,1
HIGH,Jamui,PD,Bihar,HF,1756078,43050.5,8513,9753,10737,34918,33154,30991,29574,42417,41623,40661,26430.0,8816,10119,11018,30800,31613,22767,20386,18260,38646,33778,32945,11,4083,14537,15991,8,1,11,25085,24653,20967,25490,10.2310077699446,11.939674661376088,HIGH,1
HIGH,Jehanabad,NPD,Bihar,HF,1124176,25883.5,4972,5762,6640,20912,20208,19057,20671,25588,25694,25420,13988.25,4920,5719,6613,19098,22596,17578,12846,11379,24226,23130,23103,179,7988,9671,15232,2,0,23,15945,15896,13636,22078,6.403693472675642,12.129773273935754,HIGH,1
HIGH,Kaimur Bhabua,NPD,Bihar,HF,1626900,37929.5,7077,8344,9728,31198,29138,26885,22304,37836,36875,35910,19627.0,7306,8481,9703,28028,34864,2,18614,16695,35309,35154,36151,28,4435,5725,8607,43,0,3,20559,20020,18934,0,6.90887040430272,11.638084700965026,HIGH,1
HIGH,Katihar,PD,Bihar,HF,3068149,94772.0,16179,19352,21435,75143,69981,64837,60927,88115,85105,82118,46669.5,16088,18791,20905,64601,71774,0,42778,39612,82391,73383,72110,0,8976,14517,24410,118,0,490,43913,43211,40528,1,13.063985143291267,13.209267216161928,HIGH,1
HIGH,Khagaria,NPD,Bihar,HF,1657599,51839.25,9788,11726,13377,43975,42091,40062,40167,53006,52962,52658,33165.25,9778,11695,13386,39295,49795,6,27362,24576,51939,49000,49379,11,11527,7335,10739,0,2,0,21412,21301,19601,0,0.0,11.824934739946151,HIGH,1
HIGH,Kishanganj,PD,Bihar,HF,1690948,50262.5,9117,11528,12863,40287,38465,36012,28542,48938,49477,48324,20515.0,9649,11174,12439,36682,50558,2,23536,21953,45489,51152,50590,113,9233,4083,6080,34,0,296,28821,26681,19935,0,9.49714001492166,11.789244849634644,HIGH,1
HIGH,Lakhisarai,NPD,Bihar,HF,1000717,25206.25,4605,5293,5890,21428,20637,19860,18750,25304,25321,25199,15367.75,4784,5393,6087,17904,21614,13112,13008,11301,24310,21461,21486,0,3601,2896,4187,762,0,535,14212,14179,12464,15846,3.55566575750062,12.455069715014336,HIGH,1
HIGH,Madhepura,NPD,Bihar,HF,1994618,63967.0,12115,14105,16020,51511,48091,44642,48456,63120,61779,60162,39856.75,12116,14232,16084,45822,50512,21,31034,28228,59263,52589,52609,15,12246,12974,15993,28,2,3,22195,21596,19331,0,7.353791798896306,9.691580041892735,HIGH,1
HIGH,Madhubani,NPD,Bihar,HF,4476044,113118.5,19272,23629,26604,90585,85609,78463,59406,104252,102316,99752,44728.75,19176,23322,26144,75810,86595,7,52786,47270,100057,90414,89326,723,19338,18338,27956,31,0,4,45407,44242,39139,4,11.546740807206602,8.74410528582829,HIGH,1
HIGH,Munger,NPD,Bihar,HF,1359054,28837.25,5460,6347,7211,23240,21322,19324,21798,28830,27746,26502,18329.75,5638,6387,7250,18704,23992,0,12383,11331,23714,24357,24517,1,6507,3905,6710,3,1,2,17689,17456,13529,0,17.76608379786561,9.95471850272322,HIGH,1
HIGH,Muzaffarpur,NPD,Bihar,HF,4778610,110109.75,22472,26306,28786,86806,81440,74878,71496,106723,104787,100957,43764.5,21528,25169,27821,76492,81992,67547,53575,47290,100865,86273,86394,254,21236,28137,40031,27,4,83,45730,45140,42031,82774,8.395941322180823,8.79565396632075,HIGH,1
HIGH,Nalanda,NPD,Bihar,HF,2872523,66612.0,14668,16409,17878,57852,54295,50941,44223,69703,69025,67759,37216.0,14592,16465,17835,54880,60673,48380,36036,32194,68230,62475,64134,4003,17630,15453,17871,413,1,3253,42215,41988,36007,59562,0.0,12.534973610307038,HIGH,1
HIGH,Nawada,NPD,Bihar,HF,2216653,54576.25,10153,12361,28050,45921,44231,41192,33985,54014,54159,52458,29550.75,10168,12463,13830,41984,46713,39482,26745,24426,51171,46964,46483,343,11663,18046,21198,97,1,57,24707,24478,23208,48003,6.239435651954834,10.469838986977212,HIGH,1
HIGH,Patna,NPD,Bihar,HF,5772804,127483.0,25682,30026,33186,104713,99831,94287,85852,128343,126571,124855,59768.75,25735,28268,31348,98653,108392,93479,66741,58859,125601,113888,114768,421,31302,27871,37745,1241,1,4844,63383,62633,43187,110025,1.4762752680749591,7.481113164417153,HIGH,1
HIGH,Purnia,PD,Bihar,HF,3273127,104788.25,19905,24235,27685,82710,77290,70653,83355,102468,100721,97548,62253.75,19830,24155,27628,74083,76104,3,50619,46297,96917,82018,81910,11,14344,18381,26781,26,2,190,41995,41107,38046,2,7.5115769182136365,11.62374695512884,HIGH,1
HIGH,Rohtas,NPD,Bihar,HF,2962593,63710.75,13535,15616,17747,56477,54265,52063,41108,68034,67984,67545,29402.0,13683,15966,17979,52192,58649,1,35705,31627,67332,61896,61179,160,14506,17651,24320,16,0,35,33995,33815,29538,1,0.0,9.970319919070896,HIGH,1
HIGH,Saharsa,PD,Bihar,HF,1897102,57506.75,10187,12167,13808,46086,43663,40557,43310,58353,54602,53463,37011.75,10114,12104,13708,39413,48765,3,26926,24743,51669,48926,48478,32,6153,6273,12882,35,0,80,23179,22307,18099,0,10.151417007568677,9.540341004331871,HIGH,1
HIGH,Samastipur,NPD,Bihar,HF,4254782,115695.5,21514,25474,28866,93266,86454,80135,94817,110630,108351,105578,88337.0,21571,25351,28950,80136,90356,68101,56383,50364,106748,93079,92906,0,18114,12651,19511,13,2,33,49422,49303,47202,78760,7.733662934167708,11.093870379257975,HIGH,1
HIGH,Saran,NPD,Bihar,HF,3943098,94812.0,17850,21382,24467,77606,74216,70792,60736,94238,94252,93746,42563.75,18116,21385,24294,69228,81452,54006,48345,42615,90961,83746,84054,57,27886,30858,46925,29,1,25,43485,42484,36374,71002,4.0617221448761756,9.224726344615325,HIGH,1
HIGH,Sheikhpura,NPD,Bihar,HF,634927,17362.75,2844,3252,3613,13126,12311,11409,13146,15818,15454,14947,11889.0,2927,3214,3874,11151,13579,8646,8159,7184,15344,13444,13623,2,6214,4211,4827,8,0,43,8032,7948,6965,11980,11.626902420411513,10.969765028105593,HIGH,1
HIGH,Sheohar,PD,Bihar,HF,656916,20712.5,4034,4775,5265,15759,14842,13622,16142,19150,19055,18410,9856.5,3969,4726,5204,14937,16098,5,9451,8127,17578,15684,16326,45,2082,2157,3584,3,0,2,10583,9919,8519,0,15.133373566686783,12.96817249085119,HIGH,1
HIGH,Sitamarhi,PD,Bihar,HF,3419622,97202.5,17150,19896,21799,76646,71583,65874,54293,91899,89141,85275,35330.5,16890,19544,21349,65677,68019,15,46432,42396,88828,69254,70441,25,10180,11431,24395,81,0,427,35146,34226,28604,2,8.615519148170057,8.364667205907555,HIGH,1
HIGH,Siwan,NPD,Bihar,HF,3318176,81052.0,15357,17818,20369,69173,65941,63831,54602,83423,84659,84748,38426.75,15746,18256,20789,64718,70692,58621,43831,38727,82559,75640,75637,0,37602,28410,41075,1889,0,6975,44371,43627,37587,68332,0.0,11.327608903204652,HIGH,1
HIGH,Supaul,NPD,Bihar,HF,2228397,64844.75,11312,13238,14799,50117,46155,42001,48368,59655,57786,55350,42925.25,11522,13430,14983,43952,51305,3,29023,26898,55922,52164,51488,1052,13388,8772,16549,155,1,151,23391,22123,20689,0,13.760173337085885,9.284252312312393,HIGH,1
HIGH,Vaishali,NPD,Bihar,HF,3495249,87411.75,16443,19861,22291,70849,66651,62235,69011,84973,84233,81968,56882.0,16431,19791,22306,65065,75077,56759,44321,38895,83216,76787,77271,23,31377,25854,41589,20,3,23,42227,41665,38647,67206,4.799983983846565,11.057009100066978,HIGH,1
HIGH,West Champaran,NPD,Bihar,HF,3922780,110558.25,17190,20182,22703,83092,78274,72162,85836,98675,96161,92344,58324.0,17770,20201,22648,74326,79112,68243,51782,46183,97965,86348,85662,37,26631,30866,55355,56,0,27,45937,44776,37892,77824,11.390601786840874,9.659476187805588,HIGH,1
LOW,Chandigarh,NPD,CHANDIGARH,NHF,1054686,27570.25,5119,5217,5635,12679,11006,10325,26895,17070,15733,15466,24301.5,5569,5611,6035,12143,11966,0,8529,7487,16017,15459,15520,2383,11950,7371,3498,5,0,32,9680,9319,1385,0,41.90477054070964,1.3131870528289937,LOW,0
HIGH,Balod,NPD,CHHATTISGARH,HF,826165,12125.0,3273,3535,3762,9668,9254,9063,10760,12906,12779,12802,7568.75,3272,3548,3762,9739,12133,0,6431,6025,12456,12350,12370,0,10292,11423,12254,7,0,10,19682,19286,17580,0,0.0,21.279042322054313,HIGH,1
HIGH,Baloda Bazar,NPD,CHHATTISGARH,HF,1304881,29658.75,7597,8192,8822,20541,19608,18704,20634,27878,27547,27203,8786.0,7646,8268,8853,23659,26533,2,14038,13409,27448,27529,27475,1,23870,26479,23397,13,0,138,15494,15312,15113,2,7.453955409449151,11.581899039069462,HIGH,1
HIGH,Balrampur,NPD,CHHATTISGARH,HF,598855,19501.0,5256,5586,5851,13571,12905,12305,9208,18011,18002,17770,5783.75,4921,5478,6172,14369,13880,0,8929,8334,17264,16749,16606,11,12829,12732,10331,36,0,39,9908,9639,9505,4,11.471206604789499,15.871955648696263,HIGH,1
HIGH,Bastar,NPD,CHHATTISGARH,HF,1411644,17840.0,5040,5948,6275,12570,12070,11885,15618,17677,17775,17965,12858.25,5061,5894,6290,14325,15769,0,9048,8717,17765,16655,16661,0,18144,21706,19045,6,0,111,13062,12627,12281,0,0.4204035874439462,8.699785498326774,HIGH,1
HIGH,Bemetra,NPD,CHHATTISGARH,HF,795334,16322.75,4512,4964,5235,12016,11438,11007,10801,16185,16095,15947,6638.25,4456,4949,5229,12564,15493,2,8250,7700,15951,15803,15742,0,13787,16084,12257,59,0,21,8938,8847,8420,0,2.2774961326982277,10.586747203061858,HIGH,1
HIGH,Bijapur,PD,CHHATTISGARH,HF,255180,6034.5,1659,1701,1732,4288,4019,3747,3031,5933,5714,5474,2242.25,1670,1694,1728,4021,4313,0,2701,2611,5313,4849,4849,0,3654,5595,4714,26,0,36,6643,5342,4280,0,11.95625155356699,16.77247433184419,HIGH,1
HIGH,Bilaspur,PD,CHHATTISGARH,HF,2662077,53215.75,12109,13244,14401,37549,36289,36000,34931,48760,48869,49673,20159.0,14231,15270,16520,39639,43957,4,27188,25072,52260,46178,46150,0,17497,26855,24222,35,0,14,22245,22302,20230,1,1.7959908485739653,7.5993293958063575,HIGH,1
HIGH,Dantewada,PD,CHHATTISGARH,HF,533638,6905.5,1547,1671,1759,4565,4475,4293,5115,5946,5967,5938,3385.75,1527,1713,1798,5089,5661,0,3239,3108,6347,5968,5954,0,6185,5703,4846,12,0,79,5897,5720,5244,0,8.087756136413004,9.826886391149056,HIGH,1
HIGH,Dhamtari,NPD,CHHATTISGARH,HF,799199,15051.0,4021,4200,4511,9984,9586,9180,15240,13947,13832,13634,9012.5,3696,3963,4295,11153,13450,0,7209,6889,14098,13613,13655,1,15462,16416,17172,54,0,295,10158,10044,9469,0,6.331805195668062,11.848112923064217,HIGH,1
HIGH,Durg,NPD,CHHATTISGARH,HF,3343079,32962.25,8781,8986,9387,24649,22408,21985,28563,32035,31227,31382,21720.5,9546,9708,9936,24174,28193,0,16563,15643,32206,27585,27541,19,24239,19380,16688,15,0,8,14694,14671,12642,0,2.294291196747795,3.78154390009928,HIGH,1
HIGH,Gariyaband,NPD,CHHATTISGARH,HF,597399,11786.0,2920,3145,3342,8672,8301,8025,8329,11451,11376,11290,5978.25,2942,3166,3369,8930,11192,0,5834,5530,11364,11365,11350,1,11594,13887,14846,54,0,154,11816,11630,11458,0,3.5805192601391487,19.179811147993217,HIGH,1
HIGH,Janjgir Champa,NPD,CHHATTISGARH,HF,1620632,34502.5,9577,10129,10758,26037,24823,23958,21139,35284,34652,34487,12987.0,8996,10071,10731,26419,30655,0,17697,16330,34028,31932,31887,19,30166,29106,26974,129,0,38,22674,22370,20434,0,1.375262662125933,12.608661312376901,HIGH,1
HIGH,Jashpur,PD,CHHATTISGARH,HF,852043,16776.25,4256,4600,4959,11688,11386,11048,10301,15970,15765,15735,6575.0,4347,4583,4942,12670,15309,0,8101,7541,15642,15818,15731,0,15288,15041,14005,56,0,555,22596,22029,20899,0,6.761046121749498,24.528104802222423,HIGH,1
HIGH,Kanker,NPD,CHHATTISGARH,HF,748941,12272.0,3363,3665,3887,9069,8648,8482,11769,12275,12318,12341,7614.5,3369,3669,3884,9696,12017,0,6330,5961,12292,12032,12043,0,15004,19784,20220,5,0,71,17760,17446,16581,0,0.0,22.139260636018058,HIGH,1
HIGH,Kawardha,NPD,CHHATTISGARH,HF,822239,18403.5,4487,4862,5288,12917,12464,12257,14449,17295,17298,17436,5246.0,4606,4900,5299,13388,16089,0,8899,8224,17123,17091,17043,0,14405,15454,14305,0,0,0,11960,11860,11341,11,6.957915613877795,13.792826659888426,HIGH,1
HIGH,Kondagaon,NPD,CHHATTISGARH,HF,578326,12585.75,3105,3329,3597,8837,8448,8278,7775,11264,11122,11046,5005.0,3084,3325,3574,9210,8515,0,5799,5490,11289,10155,9934,6,11104,14732,14300,22,0,196,10503,9842,9287,0,10.30331923008164,16.05841687906129,HIGH,1
HIGH,Korba,NPD,CHHATTISGARH,HF,1206563,28683.75,7210,7856,8465,21836,21215,21004,25456,28968,28994,29465,20804.75,6915,7300,7834,23289,25603,0,14759,13675,28434,25914,25919,0,24233,23776,21041,24,0,337,15610,15400,14593,0,0.8707020525558896,12.094685482647819,HIGH,1
HIGH,Koriya,NPD,CHHATTISGARH,HF,659039,13215.25,3326,3627,3824,9384,9239,8971,8308,12661,12726,12605,6282.5,3333,3636,3814,9802,11259,3,6338,5819,12158,11911,11889,0,12248,12944,12555,46,0,197,12554,12283,11109,0,8.000227010461398,16.856362066584833,HIGH,1
HIGH,Mahasamund,NPD,CHHATTISGARH,HF,1032275,20289.0,5316,5565,5888,13200,12721,12263,18841,18212,18068,17882,15373.0,5598,5589,5910,14667,16056,0,9050,8437,17487,17215,17182,4,18556,20888,21671,30,0,26,12622,12552,12300,0,13.810439154221498,11.91542951248456,HIGH,1
HIGH,Mungeli,NPD,CHHATTISGARH,HF,701611,19606.5,4592,5074,5617,13942,13371,13498,10118,18175,18152,18846,4948.25,4600,5081,5636,14225,17185,0,9668,8988,18657,17185,17184,0,7109,14575,13885,23,0,42,8569,8515,8395,0,4.842781730548543,11.96531981397099,HIGH,1
HIGH,Narayanpur,NPD,CHHATTISGARH,HF,140206,3019.5,757,775,816,2275,2167,2038,1783,3006,2944,2854,1628.5,756,773,815,2135,2499,0,1401,1297,2698,2577,2593,0,3460,3722,3282,1,0,271,4639,4449,3969,0,10.647458188441796,28.308346290458324,HIGH,1
HIGH,Raigarh,NPD,CHHATTISGARH,HF,1493627,25420.5,6971,7436,7978,18567,17905,17463,23191,25202,25150,25303,15351.25,7062,7494,8067,20179,25879,0,13322,12600,25923,26110,26209,0,29841,30936,30608,96,0,1175,23790,23743,22819,0,0.0,15.277575994542145,HIGH,1
HIGH,Raipur,NPD,CHHATTISGARH,HF,4062160,53044.0,13269,14405,14765,35908,34376,33283,47646,49318,48781,47948,32002.5,13704,14700,15022,41610,42645,2,26974,25993,52968,41608,42020,10,29312,27081,23566,29,0,508,22008,21364,17752,0,0.14327727923987632,4.3700888197412215,HIGH,1
HIGH,Rajnandgaon,NPD,CHHATTISGARH,HF,1537520,32554.5,8130,8660,9291,21502,20793,20293,24403,29212,29188,29156,17846.5,8262,8796,9422,22694,27079,0,15491,14574,30065,28201,28209,5,23940,25989,23979,93,0,779,23573,23196,22469,0,7.647176273633445,14.613793641708726,HIGH,1
HIGH,Sukma,NPD,CHHATTISGARH,HF,249988,4811.5,1113,1115,1173,3624,3420,3241,3423,4586,4410,4346,2689.75,1024,1091,1199,3768,3278,1,2230,2189,4420,4031,4038,21,4240,5334,4496,65,0,1636,4756,3774,3165,2,8.13675568949392,12.660607709170039,HIGH,1
HIGH,Surajpur,NPD,CHHATTISGARH,HF,788969,16993.0,5436,5706,6151,11852,11387,10997,10686,16729,16864,16698,6389.0,5044,5815,6292,14094,14474,4,8743,8121,16865,16384,16294,0,15576,16004,13355,0,0,11,15787,14722,13958,0,0.7532513387865591,17.691442883053707,HIGH,1
HIGH,Surguja,PD,CHHATTISGARH,HF,2361329,23254.75,5488,5686,6067,15919,15428,15083,18307,21267,21079,21304,12786.75,6618,7128,7724,18335,18131,17,11287,10464,21751,19022,19053,28,14061,14817,12892,30,0,56,15119,14654,13620,0,6.466420838753373,5.767938309316491,HIGH,1
LOW,Dadra and Nagar Haveli,NPD,DADRA & NAGAR HAVELI,NHF,342853,9225.25,2368,2567,2839,5031,4862,4755,8342,7325,7364,7522,8082.75,2357,2545,2796,6015,5597,0,4142,3801,7943,7047,7050,1,6501,6931,5386,15,0,1001,2860,2823,2443,0,13.899352321075309,7.1255027664917625,LOW,0
LOW,Daman,NPD,DAMAN & DIU,NHF,190855,2852.5,908,972,1039,1973,1881,1814,2781,2866,2848,2827,2096.75,886,951,1024,2472,2348,0,1656,1545,3201,2835,2831,0,1862,1071,809,2,0,4,810,799,735,0,0.0,3.851091142490372,LOW,0
LOW,Diu,NPD,DAMAN & DIU,NHF,52056,767.5,265,279,292,500,479,456,790,764,758,748,776.5,270,283,294,600,643,0,395,373,768,759,759,0,690,679,939,0,0,48,331,330,319,0,0.0,6.128015982787766,LOW,0
LOW,Central,NPD,DELHI,NHF,578671,42839.75,2647,2484,2562,28877,26973,26212,37756,32266,29466,28692,35683.75,3197,2323,2488,23934,16805,9,15652,13808,29461,30170,30119,17361,17388,6268,4474,0,0,5,15994,15381,3527,0,31.229757409882176,6.0950004406649025,LOW,0
LOW,East,NPD,DELHI,NHF,1707725,15092.5,1176,1286,1290,18983,18934,18367,11656,20142,20150,19503,11225.0,1498,1375,1332,16785,12027,0,11018,9744,20763,20787,20750,11168,11506,3920,2197,5,1,4,8159,7949,5104,8,0.0,2.988771611354287,LOW,0
LOW,New Delhi,NPD,DELHI,NHF,133713,47371.75,725,889,1002,17426,15168,14493,41080,18013,15945,15435,40504.5,633,806,970,12532,9272,0,8520,7165,15685,15611,15601,9646,8889,4182,2420,0,0,0,7360,6903,2958,0,66.8895491511291,22.122007583406248,LOW,0
LOW,North,NPD,DELHI,NHF,883418,17597.25,1576,1741,1676,26657,26261,25441,9031,27451,27285,26548,7883.25,747,976,1126,22097,16683,2,15957,13676,29633,27965,27926,15704,13346,3103,2349,0,0,0,11017,10762,5891,1,0.0,6.668417442252705,LOW,0
LOW,North East,PD,DELHI,NHF,2240749,13350.75,1283,1518,1533,27792,27046,25674,6957,28209,27821,26519,6041.0,796,946,1045,22794,18995,15,14500,12850,27350,27626,27500,13125,11778,3679,1771,1,0,2,7730,7471,5604,0,0.0,2.5009494593102577,LOW,0
LOW,North West,PD,DELHI,NHF,3651261,43525.75,3149,2868,2876,36981,35372,34253,35813,38844,37555,36452,33338.0,2799,2432,2502,30454,22153,0,20531,17681,38212,38126,37725,20003,18593,4858,3400,5,1,4,15484,14961,6646,0,12.208290494707157,1.820193078500825,LOW,0
LOW,Shahdara,NPD,DELHI,NHF,1110751,39963.0,1729,1562,1551,25978,23599,22604,36338,25736,23790,22682,34748.25,2216,1898,2038,18982,14025,0,12538,11188,23726,23834,23863,13566,11373,3226,2277,3,0,7,7345,7095,3321,2,40.63008282661462,2.9898690165482633,LOW,0
LOW,South,NPD,DELHI,NHF,2733752,13963.25,2413,2182,1929,16867,16670,16194,10829,16601,16953,16726,9966.0,1596,1832,1915,14753,8856,2,9417,8087,17505,19171,19256,11946,10103,3628,1874,0,0,1,6538,6376,3011,0,0.0,1.1014166610577698,LOW,0
LOW,South East,NPD,DELHI,NHF,1500636,15731.0,3587,3746,3918,25415,26155,24511,7778,28442,28701,27975,7131.75,3219,3191,3016,23101,17786,0,14959,13030,27989,28945,28883,15522,15088,4654,2381,1,0,3,11013,10579,5796,1,0.0,3.8623623583600555,LOW,0
LOW,South West,NPD,DELHI,NHF,2292363,15426.75,792,932,1088,22465,21987,21629,12050,22859,22757,22550,11748.0,603,774,1138,18886,13533,0,13122,11120,24242,24827,24853,13666,14189,3716,2220,1,1,1,7762,7454,5620,0,0.0,2.451618700877653,LOW,0
LOW,West,NPD,DELHI,NHF,2531583,37806.25,3970,4013,4119,38813,37264,36424,29555,42723,41177,40539,26517.25,4719,3671,3707,32581,25759,8,22059,18971,41031,42991,42808,23117,23886,5747,2257,2,0,12,17771,17111,9615,0,0.0,3.7980188680363236,LOW,0
LOW,North Goa,NPD,GOA,NHF,817761,10639.75,302,248,269,9536,9608,9693,9920,9744,9789,9879,7607.0,253,209,229,7710,0,6813,4607,4403,9011,10288,10305,10743,9003,10025,10068,3,0,14,2954,2944,0,9139,15.308160436100474,0.0,LOW,0
LOW,South Goa,NPD,GOA,NHF,639962,8008.25,41,47,45,9774,10219,10357,7633,9783,10227,10360,4922.5,65,58,79,7789,9,6854,5021,4906,9927,11023,11010,10965,10408,10511,9186,2,0,13,2392,2391,0,9519,0.0,0.0,LOW,0
LOW,Ahmedabad,NPD,GUJARAT,NHF,7208200,153181.75,2542,2166,2491,137485,131122,129686,137637,136320,125256,128440,69082.25,1693,1244,1337,102815,112817,55,70507,63593,134100,114657,112105,40,65081,49143,46176,315,0,477,45124,43936,38137,0,12.456934328012311,5.290779945062568,LOW,0
LOW,Amreli,NPD,GUJARAT,NHF,1513614,30858.0,32,10,7,30163,29706,29671,28772,30315,29822,29852,14891.0,173,27,159,26537,25836,0,15976,14340,30317,29079,28996,6,27495,28193,27923,22,0,59,14629,14487,13042,0,1.7531920409618251,8.61646364264601,LOW,0
LOW,Anand,NPD,GUJARAT,NHF,2090276,36732.5,7,4,8,33874,33064,33394,30961,33720,32960,33216,13455.75,19,15,15,27447,32088,0,18594,16402,34996,32229,32138,2,31102,28551,29517,13,2,9,20534,20232,18765,0,4.727421220989587,8.97728338267291,LOW,0
LOW,Aravalli,NPD,GUJARAT,NHF,1024000,23223.0,181,163,155,23309,23288,23120,23590,23468,23429,23241,15035.75,111,43,26,18271,21710,0,11695,10848,22544,22280,22253,64,20126,20608,20195,10,0,5,12951,12944,12648,0,2.9238255178056236,12.3515625,LOW,0
LOW,Banas Kantha,PD,GUJARAT,NHF,3116045,73407.0,23,21,15,74895,72038,69719,32330,75074,71886,69402,21589.0,1,1,4,55350,65146,0,36221,32228,68449,65766,65589,0,63373,63624,62788,86,0,5546,36027,35196,33449,0,6.754124266078167,10.734440613020672,LOW,0
LOW,Bharuch,NPD,GUJARAT,NHF,1550822,31707.25,74,62,63,29231,28772,29435,25393,29619,28759,29433,7882.0,163,65,118,22637,24939,0,15020,13724,28744,25477,25463,2,17542,19068,24398,33,0,1034,16869,16808,15643,3,9.345654385038122,10.086908749037606,LOW,0
LOW,Bhavnagar,NPD,GUJARAT,NHF,2877961,49678.25,3931,3665,3562,42709,41294,41090,35977,45248,43556,43424,21103.25,2437,1542,1505,37518,34480,8,25050,21857,46907,40236,40049,192,29340,32071,34200,93,0,1093,22145,21718,20323,1,5.578396984595875,7.06159673463261,LOW,0
LOW,Botad,NPD,GUJARAT,NHF,130302,14732.75,193,139,132,14608,13865,13657,10026,14545,13704,13521,8559.25,14,5,13,10343,10922,0,6867,6067,12934,11232,11192,1,7869,9169,10293,8,0,92,5914,5888,5193,0,12.20919380292206,39.85357093521205,LOW,0
LOW,Chhotaudepur,NPD,GUJARAT,NHF,202697,23145.25,618,572,614,20041,20046,20004,18564,20477,20379,20365,5661.0,600,119,405,15919,12835,12,9346,8449,17795,17304,17009,123,10788,17528,18777,21,0,84,12907,12812,12120,1,23.11597411995982,59.79368219559244,LOW,0
LOW,Dahod,PD,GUJARAT,NHF,2126558,63394.25,1701,1324,1357,61438,60690,60221,60064,62220,60934,59956,38882.0,685,207,232,49534,50231,0,28675,26238,54914,52192,51958,2,46429,50579,55063,16,0,20,24362,24302,23233,0,13.377001857423979,10.925166395649683,LOW,0
LOW,Devbhumi Dwarka,NPD,GUJARAT,NHF,752484,14735.5,758,706,661,13867,13680,13715,12295,14313,14122,14059,7457.5,204,298,388,10933,11771,0,7270,6610,13881,12533,12490,10,7928,7615,7939,3,0,4,7611,7539,5559,0,5.7989209731600555,7.38753249238522,LOW,0
LOW,Gandhinagar,NPD,GUJARAT,NHF,1387478,36341.25,973,710,720,31628,31071,30661,31059,32453,31840,30761,20741.5,347,100,109,25396,26009,0,16973,15363,32337,29721,29630,72,26053,25412,24607,12,0,49,14272,14252,13738,5,11.018470746053039,9.901418256721907,LOW,0
LOW,Gir Somnath,NPD,GUJARAT,NHF,153696,24138.5,631,447,792,22431,21998,22082,23954,22831,22389,22403,20801.5,390,246,258,19063,20340,17,11459,10825,22284,21597,21500,129,18523,18882,18268,124,0,119,12668,12524,11260,2,7.682747478095159,73.26150322714969,LOW,0
LOW,Jamnagar,NPD,GUJARAT,NHF,2159130,35819.5,444,344,310,28209,27098,27400,36044,28314,27178,27388,21289.25,8,1,3,22185,22419,0,14052,12870,26923,24808,24972,8,18375,18478,16453,5,1,5,13584,13505,11665,0,24.83703010929801,5.4026390259039525,LOW,0
LOW,Junagadh,NPD,GUJARAT,NHF,2742291,23001.0,1001,900,858,20317,19902,19882,22062,20945,20411,20624,15044.5,288,129,189,16914,16427,0,10726,9340,20067,18637,18568,59,11591,13851,14512,48,1,205,13599,13550,12653,0,12.755967131863832,4.614025280322183,LOW,0
LOW,Kachchh,PD,GUJARAT,NHF,2090313,53806.25,3810,3610,3941,48899,47240,46998,42537,50825,47924,49710,22241.5,1442,1052,611,39370,38183,6,25084,23082,48167,44254,43800,28,26624,29961,31665,106,1,364,22565,21660,19839,0,10.48065977465443,9.490923129693975,LOW,0
LOW,Kheda,NPD,GUJARAT,NHF,2298934,48975.0,1299,694,713,46013,45253,46585,34377,46092,45183,46561,17917.25,328,240,370,37384,39435,28,23746,22096,45843,42942,42233,121,28184,29528,35424,15,3,18,22442,22356,21750,0,6.3950995405819295,9.460906663697175,LOW,0
LOW,Mahesana,NPD,GUJARAT,NHF,2027727,37951.25,13,13,13,36837,36373,36405,34300,36922,36428,36454,15498.25,173,16,22,29268,33963,0,18808,16698,35506,34483,34398,4,34122,35408,33895,3,0,6,20589,20499,19998,0,6.443134284114489,9.862274359418207,LOW,0
LOW,Mahisagar,NPD,GUJARAT,NHF,994624,22705.5,2630,2591,2821,18671,18765,19969,17177,20368,20554,21635,3904.25,370,249,325,18167,13873,2,11110,9943,21054,17705,17502,31,13857,16070,17103,13,0,455,12851,12704,11761,1,7.273568078218934,11.824568882311306,LOW,0
LOW,Morbi,NPD,GUJARAT,NHF,188278,20939.75,29,5,6,21102,19893,19959,20824,21214,19870,19926,16351.25,31,0,3,14391,18346,0,9993,9194,19188,18510,18501,200,16550,15994,15191,0,0,7,9351,9089,8273,0,8.365668167002948,43.9403435345606,LOW,0
LOW,Narmada,PD,GUJARAT,NHF,590379,9250.0,26,18,25,9761,9721,9664,8450,9757,9723,9700,6124.25,23,11,15,7392,8579,1,4864,4498,9362,8935,8888,0,5942,7023,9440,32,0,1662,8496,8399,7840,0,0.0,13.279605135006495,LOW,0
LOW,Navsari,NPD,GUJARAT,NHF,1330711,21175.5,23,23,21,19198,18873,19120,21125,19208,18886,19139,7237.75,1,0,0,14684,17847,0,10094,9148,19242,17994,17991,2,15065,18053,21208,1,0,16,15566,15559,15057,0,9.130835163278316,11.315003783691576,LOW,0
LOW,Panch Mahals,PD,GUJARAT,NHF,2388267,35374.5,1654,1505,1576,32898,33171,33071,25415,33838,33702,33570,7312.25,418,74,105,26862,23620,5,18362,16721,35083,28038,27763,13,27358,26752,28110,33,0,209,18295,18005,16374,1,0.8240399157585266,6.856017354843491,LOW,0
LOW,Patan,NPD,GUJARAT,NHF,1342746,27932.25,1,1,1,26634,26105,26534,24335,26908,26351,26662,15632.0,30,0,3,22050,25541,0,14494,12868,27362,26241,26345,0,21912,23149,22204,7,0,76,12273,11991,10911,0,2.0415469573700653,8.12588531263545,LOW,0
LOW,Porbandar,NPD,GUJARAT,NHF,586062,9156.0,2305,2243,2204,10497,10147,10018,9060,10538,10190,9995,5248.5,32,13,22,8185,9835,0,5252,4723,9975,10033,10000,12,9328,10317,9799,11,0,34,5884,5864,5224,0,0.0,8.913732676747511,LOW,0
LOW,Rajkot,NPD,GUJARAT,NHF,3799770,67211.5,98,83,128,57999,56192,55933,64740,60778,56244,55966,40493.25,76,13,36,43601,51199,0,30519,27073,57593,51482,51472,174,41138,39249,37886,85,0,4706,26016,25409,23388,0,14.310795027636638,6.155109388199812,LOW,0
LOW,Sabar Kantha,PD,GUJARAT,NHF,2427346,32123.5,33,22,21,28684,28103,27798,28576,29310,28839,28572,14426.5,11,5,248,22042,25599,0,14749,13791,28541,26429,26205,0,22725,23491,22782,6,0,157,16688,16611,16073,0,11.1522717014024,6.621635316926388,LOW,0
LOW,Surat,NPD,GUJARAT,NHF,6079231,123527.75,1346,1374,1302,109360,108769,106743,113780,109325,108788,106866,53377.5,1325,1480,1573,82030,93851,0,54869,49128,103997,96831,96473,18,73503,56892,45237,36,0,58,39713,39518,25189,4,15.810819836028747,4.143451696439895,LOW,0
LOW,Surendranagar,NPD,GUJARAT,NHF,1755873,32346.75,61,50,42,31995,31033,30472,31063,32017,31007,30452,18596.5,95,24,64,24175,26032,0,15488,13663,29151,27434,27391,1,24878,27163,26283,97,1,454,17017,16705,15245,6,9.879663335574671,8.682290803492053,LOW,0
LOW,Tapi,NPD,GUJARAT,NHF,806489,11158.0,0,0,0,10882,10734,10570,8297,10884,10735,10566,5317.0,0,0,0,8286,10352,1,5595,5180,10775,10374,10373,0,9071,10662,12178,1,0,149,9542,9503,9252,0,3.4325147875963435,11.471948160483281,LOW,0
LOW,The Dangs,PD,GUJARAT,NHF,226769,6021.0,21,18,25,5856,5730,5634,4045,5895,5755,5597,3221.0,36,8,23,4373,4629,2,2659,2602,5261,4814,4760,24,2741,3254,5979,29,0,175,4719,4584,4264,0,12.62248795881083,18.8032755799955,LOW,0
LOW,Vadodara,NPD,GUJARAT,NHF,4157568,65520.25,1160,1009,1070,55835,54135,54263,55178,55734,54015,54312,16423.5,2439,584,426,44038,43389,29,28792,25976,54768,50151,49941,113,39236,35758,35226,25,0,605,22961,22401,20825,6,16.41057535647376,5.0089379175518,LOW,0
LOW,Valsad,PD,GUJARAT,NHF,1703068,31951.75,84,68,65,27918,27760,27633,27295,27577,27444,27416,17627.5,112,23,123,22362,22081,0,13525,12572,26098,26398,26354,13,23333,24533,23681,0,0,6,20545,20404,19223,0,18.320592768784184,11.287276843907584,LOW,0
LOW,Ambala,NPD,HARYANA,NHF,1136784,19204.0,0,30,38,19065,18792,18899,18247,18628,18409,18456,12327.25,0,25,30,14730,19026,14347,9237,8219,17456,18758,19184,0,20495,16628,13807,33,0,210,10262,10067,6368,18546,9.102270360341596,5.601767794057622,LOW,0
LOW,Bhiwani,NPD,HARYANA,NHF,1629109,28321.25,74,91,152,26368,25398,25016,16721,26417,24829,24270,12624.75,566,35,84,20152,22534,53,13632,10826,24458,23995,23611,74,14332,11803,10271,12,0,27,15551,15296,12351,23,13.640817407423755,7.581444826589259,LOW,0
LOW,Faridabad,NPD,HARYANA,NHF,1798954,51932.5,9,509,640,45854,43944,42422,41066,45190,43472,42154,26295.25,398,541,610,32606,41682,0,21823,19516,41340,40724,40373,0,24524,14892,9892,53,2,161,17165,16723,10765,0,20.396668752707843,5.984032943588329,LOW,0
LOW,Fatehabad,NPD,HARYANA,NHF,941522,20147.25,14,69,75,17109,16573,16271,15451,17050,16559,16226,11165.75,76,52,54,12679,16032,3,8303,7335,15639,16197,16189,0,12443,11457,9414,40,0,137,8497,8410,6754,6,22.37650299668689,7.173491431958042,LOW,0
LOW,Gurgaon,NPD,HARYANA,NHF,1514085,39086.75,36,865,1082,45982,46466,47210,34024,45788,46420,47264,28002.5,1111,1443,1573,37646,46855,0,22489,20682,43171,45756,45999,0,33480,22799,16671,5,0,36,15502,15259,10425,16,0.0,6.88534659546855,LOW,0
LOW,Hisar,PD,HARYANA,NHF,1742815,33822.25,3,85,85,31889,30908,30872,27739,31637,30755,30622,18421.75,5,31,46,23172,29226,0,15248,13405,28653,29975,29850,0,21809,18314,15968,23,0,117,15272,14983,11942,4,15.283578117954896,6.852132899934875,LOW,0
LOW,Jhajjar,NPD,HARYANA,NHF,956907,15381.25,58,158,134,17233,16769,16607,12604,16947,16516,16241,9629.25,356,421,264,13038,16569,0,8643,7267,15911,16358,16375,0,6482,3754,3054,150,0,1069,9039,8791,6820,33,0.0,7.12712938665931,LOW,0
LOW,Jind,PD,HARYANA,NHF,1332042,24218.0,7,8,14,23327,22607,22756,20071,23236,22518,22657,12441.0,0,1,1,17279,21461,0,11968,10476,22444,21774,21617,0,19154,18135,17826,2,0,62,12238,11966,8612,8,7.325130068544058,6.4652616058652805,LOW,0
LOW,Kaithal,NPD,HARYANA,NHF,1072861,21127.0,18,27,17,20505,20182,20240,17360,20345,20039,20023,11928.25,12,8,19,15776,20480,15735,11327,9766,21093,20575,20716,23,18733,15275,13573,102,0,118,8910,8770,7613,20284,0.16093150944289297,7.0959798147197075,LOW,0
LOW,Karnal,NPD,HARYANA,NHF,1506323,29277.5,3,29,28,29127,28571,28833,26009,29008,28365,28441,17884.25,117,45,48,22635,28798,22884,13701,11998,25699,28372,28652,34,25588,24989,22479,7,0,114,13996,13849,11114,28513,12.222696610024764,7.378231627612404,LOW,0
LOW,Kurukshetra,NPD,HARYANA,NHF,964231,16670.25,5,36,38,16862,16676,16526,14187,16737,16632,16474,8884.0,93,18,35,12946,16512,12975,8990,7723,16713,16477,16494,2,16108,11343,8309,75,0,280,7399,7335,5573,16553,0.0,5.779735353872672,LOW,0
LOW,Mahendragarh,NPD,HARYANA,NHF,921680,16561.0,103,98,85,14482,14113,13891,15265,14230,13718,13405,12623.25,58,30,34,10944,13555,12,7469,5988,13457,13539,13593,18,10066,8523,8109,241,0,660,8363,8276,7620,27,18.74282953927903,8.267511500737783,LOW,0
LOW,Mewat,PD,HARYANA,NHF,1089406,39448.5,128,196,149,29324,24744,21438,25510,30100,24767,20974,12413.75,2540,100,53,19161,17852,0,10635,9894,20530,17409,17190,30,6009,5248,4185,42,0,147,9695,9187,8043,11,47.95746352839779,7.382922436630604,LOW,0
LOW,Palwal,PD,HARYANA,NHF,1040493,33486.0,42,261,157,26490,24864,23784,21392,26215,24456,23322,12231.75,3390,219,143,17469,21498,7,10368,9056,19425,21176,21664,14,9647,7061,5241,15,0,34,11656,10539,8506,7,41.99068267335603,8.174970903216071,LOW,0
LOW,Panchkula,NPD,HARYANA,NHF,558890,12457.5,37,230,298,12515,12320,12296,11524,12542,12396,12419,10435.75,346,337,332,9883,11604,10,5718,5456,11175,11710,11719,0,11122,9217,7708,39,0,36,6757,6731,4168,4,10.2950030102348,7.457639249226144,LOW,0
LOW,Panipat,PD,HARYANA,NHF,1202811,32690.0,34,168,213,27187,26151,25559,26766,26746,25650,25030,17112.0,307,112,125,19568,25022,19486,13403,11964,25367,23995,24305,0,17305,12779,8831,20,0,324,11330,10931,8893,24756,22.401345977363107,7.393514026725729,LOW,0
LOW,Rewari,NPD,HARYANA,NHF,896129,18575.0,18,69,32,15673,15224,15093,18163,15436,15002,14793,11094.5,18,30,38,11470,14676,0,8388,6895,15283,14476,14553,0,4258,3947,3652,3,0,31,8958,8841,7778,31,17.722745625841185,8.67955394814809,LOW,0
LOW,Rohtak,NPD,HARYANA,NHF,1058683,32763.0,0,3,0,23485,21523,21054,32549,20936,19890,19457,22024.25,0,0,0,14816,18373,0,9251,8120,17371,18249,18210,0,11385,8229,7570,0,0,7,10015,9963,6937,0,46.979824802368526,6.552480770920096,LOW,0
LOW,Sirsa,NPD,HARYANA,NHF,1295114,28906.5,3,49,41,23340,22721,22562,26473,22985,22373,21926,18422.5,159,100,106,16503,20734,0,10081,9201,19283,20797,20788,3,20985,16094,13326,76,0,193,12197,11889,9564,2,33.291820178852504,7.384678105556731,LOW,0
LOW,Sonipat,NPD,HARYANA,NHF,1480080,34404.5,314,248,214,28826,27988,27575,31502,28486,27434,27064,18657.5,368,200,180,21971,27230,0,14740,12504,27244,27429,27300,0,23048,19381,17438,14,1,33,12282,12027,9342,12,20.812684387216787,6.311820982649587,LOW,0
LOW,Yamunanagar,NPD,HARYANA,NHF,1214162,22511.0,45,98,105,22366,21916,21695,22513,22347,21927,21746,17310.0,44,88,99,15975,20746,15643,11085,9742,20827,20430,20728,0,18385,13660,11251,50,1,93,13495,13320,10756,20395,7.480787170716538,8.85878490679168,LOW,0
LOW,Bilaspur,NPD,HIMACHAL PRADESH,HF,382056,5167.75,2257,2353,2535,4008,3861,3715,4365,6266,6216,6250,3925.5,2259,2354,2535,4698,5146,6,3221,2884,6106,5972,5982,1,5316,5685,6204,1,0,10,3733,3691,2012,2,0.0,5.266243692024205,LOW,0
LOW,Chamba,PD,HIMACHAL PRADESH,HF,518844,8421.0,3319,3573,3785,5693,5379,5138,3408,9013,8952,8923,3303.0,3321,3578,3785,6385,6677,0,4075,3882,7957,8148,8173,0,6512,7231,7221,1,0,19,4779,4682,3010,0,5.510034437715236,5.801358404452976,LOW,0
LOW,Hamirpur,NPD,HIMACHAL PRADESH,HF,454293,5786.75,2503,2675,2877,4388,4265,4132,5500,6863,6926,7010,5385.25,2505,2675,2879,5158,5594,0,3530,3042,6572,6620,6630,0,5836,6181,7499,6,0,54,4068,4048,2636,12,0.0,5.802422665548446,LOW,0
LOW,Kangra,NPD,HIMACHAL PRADESH,HF,1507223,23129.75,7867,8466,9222,14149,13824,13378,20972,21999,22291,22598,17217.75,7848,8452,9195,16951,18755,7,11767,10030,21797,22059,22167,0,20304,20249,24968,1,0,71,12121,12090,7345,116,5.762059685037668,4.873200581466711,LOW,0
LOW,Kinnaur,PD,HIMACHAL PRADESH,HF,84298,655.75,400,436,477,666,627,594,413,1020,1040,1061,401.0,400,437,478,841,996,0,565,513,1079,1165,1165,0,1128,1018,978,2,0,45,622,600,278,0,0.0,3.2978243849201645,LOW,0
LOW,Kullu,NPD,HIMACHAL PRADESH,HF,437474,6021.0,2303,2460,2624,4207,4015,3892,4732,6485,6465,6503,4320.0,2305,2462,2627,4898,5307,42,3242,3062,6304,6352,6365,117,7034,7690,7405,2,0,93,3603,3578,2158,0,0.0,4.932864581666568,LOW,0
LOW,Lahul Spiti,PD,HIMACHAL PRADESH,HF,31528,130.5,108,123,128,173,181,181,125,276,304,310,124.75,108,123,128,239,273,0,136,145,281,324,324,0,251,263,267,0,0,0,512,480,164,0,0.0,5.201725450393302,LOW,0
LOW,Mandi,PD,HIMACHAL PRADESH,HF,999518,11622.5,5116,5452,5881,9161,8785,8538,9216,14257,14213,14494,8608.75,5182,5477,5915,10922,12128,1,7428,6597,14025,14221,14309,6,12627,13574,15904,5,0,99,7491,7402,5197,1,0.0,5.19950616197007,LOW,0
LOW,Shimla,NPD,HIMACHAL PRADESH,HF,813384,15355.5,4396,4592,4745,7346,6862,6473,13587,11718,11456,11219,13057.0,4327,4609,4743,8409,8511,5,5695,5049,10745,10000,10011,250,8261,6954,6578,0,0,4,7200,7133,4010,5,30.02507244961089,4.930020752805563,LOW,0
LOW,Sirmaur,NPD,HIMACHAL PRADESH,HF,530164,7335.5,3565,3754,4008,5891,5585,5284,4875,9457,9339,9292,4775.25,3573,3762,4015,7052,7671,0,4663,4290,8953,9002,9031,0,7751,8578,9094,3,0,103,3989,3980,2701,0,0.0,5.094649957371682,LOW,0
LOW,Solan,NPD,HIMACHAL PRADESH,HF,576670,9625.25,3759,4027,4328,6600,6394,6220,6911,10360,10422,10548,5984.5,3763,4027,4328,8206,8853,0,5560,4897,10457,10508,10559,0,8372,8255,10050,0,0,22,4747,4715,2943,0,0.0,5.103438708446772,LOW,0
LOW,Una,NPD,HIMACHAL PRADESH,HF,521057,7675.0,3147,3321,3552,5216,4971,4771,5189,8351,8283,8310,3453.0,3141,3320,3560,6213,6853,0,4225,3691,7916,8080,8087,18,8200,8041,8682,4,0,116,4231,4240,2376,1,0.0,4.559961770017483,LOW,0
LOW,Anantnag,NPD,JAMMU & KASHMIR,HF,1069749,16353.75,11,11,11,16148,16066,15946,16067,16159,16078,15957,15177.75,11,11,11,11585,14891,0,8231,7540,15772,14892,14892,7,17001,10469,8505,0,0,175,5764,5365,5168,0,3.557288083772835,4.831039804664459,LOW,0
LOW,Badgam,NPD,JAMMU & KASHMIR,HF,755331,4941.5,398,385,376,12560,12840,13012,4433,12547,12828,13005,4346.25,406,389,384,9889,12447,0,6783,6366,13149,12371,12435,8,14940,10592,8159,0,0,0,5538,5025,5009,0,0.0,6.631529753181056,LOW,0
LOW,Bandipora,NPD,JAMMU & KASHMIR,HF,385099,3945.75,0,0,0,6997,7006,6914,3373,6993,6999,6910,2664.75,28,26,27,4806,6105,0,3350,3190,6540,6125,6170,0,5310,5621,4847,0,0,6,2453,2343,2253,0,0.0,5.850443652151784,LOW,0
LOW,Baramula,NPD,JAMMU & KASHMIR,HF,1015503,13167.25,10,8,8,18870,18500,18386,11825,18890,18477,18338,10536.0,1,2,3,13786,16500,0,9161,8539,17700,16816,16973,50,12822,12640,11020,8,0,7,7014,6398,6299,0,0.0,6.2028374116078435,LOW,0
LOW,Doda,PD,JAMMU & KASHMIR,HF,409576,7022.5,7,0,2,7997,7646,7271,5509,8024,7672,7273,4349.75,37,35,26,5067,4936,0,3407,2978,6385,5369,5361,34,3462,3520,2648,7,0,0,2460,2414,2267,0,9.077963688145248,5.534992284704182,LOW,0
LOW,Ganderbal,NPD,JAMMU & KASHMIR,HF,297003,2531.5,8,7,16,5238,5307,5227,2144,5230,5311,5221,1803.5,24,1,7,3830,4927,0,2183,2045,4228,5042,5110,30,4733,3728,2446,1,0,4,4337,4259,3738,0,0.0,12.585731457258007,LOW,0
LOW,Jammu,NPD,JAMMU & KASHMIR,HF,1526406,31814.5,294,244,269,22446,21771,21795,31135,23451,22672,22327,26195.5,178,189,218,17527,20751,1,12514,10909,23424,22725,23198,104,18467,15543,10028,6,0,0,12542,11742,9429,0,26.373194612519445,6.1772555925487715,LOW,0
LOW,Kargil,NPD,JAMMU & KASHMIR,HF,143388,2330.5,258,264,236,2407,2432,2435,2047,2503,2521,2507,1764.0,44,71,89,2081,1487,0,625,494,1119,2589,2578,767,2201,1916,1337,1,0,0,1890,1860,1957,0,51.98455267110062,13.648282980444668,LOW,0
LOW,Kathua,NPD,JAMMU & KASHMIR,HF,615711,9942.5,1,16,19,11381,11222,10991,6933,11373,11199,10970,6014.5,2,19,25,8076,10186,0,5922,4913,10835,10680,10683,0,9778,9824,7776,0,0,0,6827,6670,5877,0,0.0,9.545062537456698,LOW,0
LOW,Kishtwar,PD,JAMMU & KASHMIR,HF,231037,4485.25,217,160,161,4128,4151,4172,4141,4156,4142,4185,3309.5,8,6,9,3186,2853,0,2017,1793,3811,3655,3673,4,4337,4600,3600,0,0,30,2179,1313,1255,0,15.032606878100442,5.4320303674303245,LOW,0
LOW,Kulgam,NPD,JAMMU & KASHMIR,HF,423181,4735.5,99,0,0,9497,9509,9562,4362,9481,9496,9562,3909.0,11,7,6,7215,9140,0,5088,4686,9774,9219,9236,17,5769,5830,4940,3,0,19,4898,4625,4590,0,0.0,10.846422689109389,LOW,0
LOW,Kupwara,NPD,JAMMU & KASHMIR,HF,875564,11755.0,1,3,3,16824,16559,16102,9275,16760,16520,16080,7545.25,19,20,26,13919,14072,0,8133,7503,15636,15282,15289,0,14193,11542,9227,2,0,0,6263,5509,5181,0,0.0,5.917328716118981,LOW,0
LOW,Leh Ladakh,PD,JAMMU & KASHMIR,HF,147104,2014.5,21,18,21,1984,1963,1929,1836,1985,1962,1931,1699.25,0,2,3,1563,2017,0,1040,950,1991,2031,2031,1,1613,1352,821,2,0,2,1770,1631,1447,0,1.1665425663936462,9.836578203175986,LOW,0
LOW,Poonch,PD,JAMMU & KASHMIR,HF,476820,10410.5,2,5,10,10837,10645,10485,7556,10826,10607,10455,7149.5,0,1,6,7729,8967,0,5238,4610,9848,9554,9506,1,10125,8513,6871,28,0,14,2885,2735,2561,0,5.403198693626627,5.370999538609958,LOW,0
LOW,Pulwama,NPD,JAMMU & KASHMIR,HF,570060,5571.75,15,10,10,9613,9642,9511,5389,9585,9623,9490,4674.25,0,0,0,6925,8665,0,4751,4367,9118,8635,8678,0,4903,4636,4317,4,0,299,10115,9423,9298,0,0.0,16.310563800301725,LOW,0
LOW,Rajouri,PD,JAMMU & KASHMIR,HF,619266,15204.5,0,0,0,13481,13442,13050,9861,13495,13212,13010,8657.5,0,0,0,9621,11577,0,6829,6101,12930,11975,11917,0,6942,11752,10160,0,0,0,5399,5143,4690,0,14.959387023578547,7.573482154679895,LOW,0
LOW,Ramban,PD,JAMMU & KASHMIR,HF,283313,5713.5,371,390,342,6514,6159,5706,4379,6655,6215,5801,3608.0,324,332,296,5013,3238,0,2420,2337,4757,4006,3992,7,1297,685,280,0,0,0,3052,2651,2396,0,16.74105189463551,8.457077507915274,LOW,0
LOW,Reasi,NPD,JAMMU & KASHMIR,HF,314714,5461.5,14,13,11,6554,6405,6397,4974,6519,6360,6349,3247.75,12,14,19,4178,4752,0,2877,2459,5337,4723,4639,42,4250,4456,3764,84,0,432,3248,3027,2893,0,2.279593518264213,9.192473166112723,LOW,0
LOW,Samba,NPD,JAMMU & KASHMIR,HF,318611,2782.0,5,2,0,5553,5469,5346,2686,5558,5474,5289,2254.25,5,2,0,4183,5160,0,2794,2432,5226,5333,5416,0,5070,4643,3292,0,0,0,3505,3443,3071,0,0.0,9.63871303878397,LOW,0
LOW,Shopian,NPD,JAMMU & KASHMIR,HF,265960,2178.5,11,16,17,4077,4047,4086,1904,4077,4047,4085,902.0,3,0,3,2971,3299,0,2099,1907,4007,3452,3453,0,2899,2874,1816,1,0,1,5733,4846,4570,0,0.0,17.183035042863587,LOW,0
LOW,Srinagar,NPD,JAMMU & KASHMIR,HF,1250173,36149.0,363,236,180,14644,14864,15367,35815,14888,15004,15406,33410.25,978,191,88,12201,15661,0,8167,7788,15955,16032,16243,163,15563,13301,9521,8,0,1,6863,6594,3604,0,55.863232731195886,2.8828010203387855,LOW,0
LOW,Udhampur,NPD,JAMMU & KASHMIR,HF,555357,10533.25,0,0,0,11311,11031,10963,7739,11306,11031,10930,6588.5,0,0,2,8145,10127,0,5500,4800,10301,10234,10237,25,10190,9169,6694,0,0,0,5966,5641,5345,0,2.2049225072983174,9.624439774775505,LOW,0
LOW,Bokaro,NPD,JHARKHAND,HF,2061918,47435.75,12399,13411,14336,34801,33033,32162,28563,45451,44804,44658,18238.5,11813,12771,13708,34610,37454,1149,24340,21542,45882,37103,36539,0,15124,19787,21512,400,0,134,24416,22585,14455,5079,3.2754831535287203,7.010463073701282,LOW,0
LOW,Chatra,NPD,JHARKHAND,HF,1042304,23644.5,6590,6881,7073,20047,18718,17432,10332,24740,23495,22093,4874.75,6059,6392,6660,18538,17547,795,12885,11333,24218,19403,18072,0,6677,9015,9319,563,0,81,13081,12703,11548,900,0.0,11.079301240329118,LOW,0
LOW,Deoghar,NPD,JHARKHAND,HF,1491879,38094.5,8404,9472,10208,26487,24907,23541,22758,34360,33770,33155,18083.0,8495,9379,10113,23105,27316,0,16229,14477,30707,27242,27102,0,18417,18178,15899,192,0,45,19664,18950,16778,0,19.3925632309126,11.24622037041878,LOW,0
LOW,Dhanbad,NPD,JHARKHAND,HF,2682662,55383.0,13147,14280,15365,42561,40369,39325,26742,55091,54265,54292,11789.0,12920,13948,15031,43586,42618,769,30760,27380,58141,42838,42579,0,15806,13955,12568,429,0,188,26769,25810,20332,1408,0.0,7.57903902914344,LOW,0
LOW,Dumka,PD,JHARKHAND,HF,1321096,30758.0,7263,8142,8846,23462,22520,21591,16992,29222,28620,28464,12763.5,7154,8050,8759,24011,24772,19235,15672,14643,30315,26593,25718,0,11356,16939,13545,496,0,917,23098,22420,20362,18624,1.4402757006307303,15.412960148240552,LOW,0
LOW,Garhwa,NPD,JHARKHAND,HF,1322387,29893.25,7899,8734,9364,25843,23986,22577,14700,32740,31748,30766,11670.5,7652,8556,9245,22443,26274,185,15386,14254,29640,26523,26460,32,13476,9639,9936,0,0,0,15669,15321,14428,1825,0.8471812198405995,10.91057307732154,LOW,0
LOW,Giridih,NPD,JHARKHAND,HF,2445203,60324.5,14152,15745,16888,47346,44207,41609,22111,60148,59016,57539,17499.5,13587,15436,16383,42445,45440,35107,29381,25936,55318,45179,45646,7,10121,15117,14902,254,0,142,28964,27809,22691,41627,8.29928138650134,9.27980212685818,LOW,0
LOW,Godda,PD,JHARKHAND,HF,1311382,32026.75,7933,8992,9817,24456,23036,21690,19171,31785,31330,30875,16200.5,7920,8941,9799,22751,23570,24,15406,14368,29774,25024,24837,5,6198,9417,7976,836,0,1301,19236,18935,17076,10,7.033963795889374,13.021377447608707,LOW,0
LOW,Gumla,PD,JHARKHAND,HF,1025656,21009.5,4964,5406,5733,17469,16462,16130,15012,22033,22064,21988,10006.0,4850,5416,5811,16461,19388,0,11730,11349,23079,19590,19164,43,9554,11762,15100,117,0,192,19304,19088,17787,0,0.0,17.342071805751637,LOW,0
LOW,Hazaribagh,NPD,JHARKHAND,HF,1734005,39004.5,9065,9790,10444,29950,27822,26479,25500,39668,37346,36548,15827.0,9458,9751,10445,29387,33073,3353,19213,16484,35697,33580,33689,157,18723,15728,19217,265,0,93,21800,21249,19477,6772,8.479790793369995,11.232378222669485,LOW,0
LOW,Jamtara,NPD,JHARKHAND,HF,790207,18522.5,4359,4923,5367,14467,13502,12887,11090,18560,18040,17813,8594.5,4384,4905,5343,13368,16088,1768,9497,8827,18324,15729,16006,5,11169,12787,10909,145,0,6,13142,12570,11663,19783,1.0716695910379268,14.75942379654951,LOW,0
LOW,Khunti,NPD,JHARKHAND,HF,530299,10609.75,2725,3057,3341,9082,8784,8513,7001,11378,11459,11454,4719.25,2679,3009,3281,8969,10740,0,6180,5885,12065,11102,10910,0,6492,7281,9616,36,0,6,9534,9435,8955,0,0.0,16.88669976748966,LOW,0
LOW,Kodarma,NPD,JHARKHAND,HF,717169,19715.25,4401,4791,5126,14040,13104,12626,8981,16704,16198,15905,6077.25,5238,4926,5121,12650,13173,49,8638,7454,16092,14580,13576,13,5158,6238,6307,30,0,19,9582,9299,8442,0,18.37790542853882,11.771284034864864,LOW,0
LOW,Latehar,PD,JHARKHAND,HF,725673,17548.0,4501,4970,5482,14847,13876,13117,7578,18110,18034,17490,5287.0,4424,4937,5361,14006,15215,424,9086,8405,17491,16186,16027,27,7354,10027,11833,17,0,5,13314,12550,11406,2361,0.32482334169136085,15.717823317113908,LOW,0
LOW,Lohardaga,PD,JHARKHAND,HF,461738,11530.25,2747,3012,3221,9241,8868,8728,8511,11781,11625,11653,7017.0,2707,2931,3129,8682,10206,21,5904,5619,11523,10365,10342,62,5996,5583,5755,257,0,402,8866,8645,7453,1,0.06287808156804926,16.141188292928025,LOW,0
LOW,Pakaur,PD,JHARKHAND,HF,899200,25523.25,6483,7234,7806,19927,18473,17295,12510,25040,24369,23779,7875.25,6016,6738,7643,20078,21328,18562,12172,11524,23697,21727,21297,0,7372,9970,9061,355,0,72,16430,15993,12002,15240,7.155240809849843,13.347419928825623,LOW,0
LOW,Palamu,PD,JHARKHAND,HF,1936319,49593.0,11067,12228,13076,36315,34335,32741,30305,46927,46260,45486,18596.5,10669,11835,12702,33052,37642,26195,22080,19998,42078,38243,38476,11,10524,17199,21660,11,0,41,23648,22749,21122,29044,15.153348254794025,10.908326572222862,LOW,0
LOW,Pashchimi Singhbhum,PD,JHARKHAND,HF,1501619,35684.5,8973,9629,10299,27631,26797,26133,18764,35748,35298,35213,12058.75,8433,9350,10037,27657,25322,2813,18263,17346,35610,29875,29405,391,12158,16004,16500,20,0,249,27416,27102,24685,26961,0.20877411761409015,16.438923588473507,LOW,0
LOW,Purbi Singhbhum,NPD,JHARKHAND,HF,2291032,41486.0,10023,10822,12055,30312,29538,28889,34473,40967,40782,40962,23055.0,10302,10163,10978,32410,29526,434,22813,20968,43782,36895,36861,28,22169,17379,14754,154,0,1054,23255,22837,19001,1491,0.0,8.293642341093445,LOW,0
LOW,Ramgarh,NPD,JHARKHAND,HF,949159,20401.25,4742,4995,5179,15684,14780,14020,12948,19934,19362,18742,7428.75,4689,5032,5227,14228,14732,142,9720,9000,18720,15745,15690,28,7731,8591,10579,145,0,250,8486,8202,7430,7107,8.240916610501808,7.827982456047932,LOW,0
LOW,Ranchi,NPD,JHARKHAND,HF,2912022,69629.25,18045,18631,19414,46721,44770,43727,46083,63512,62367,61653,25419.5,18322,18327,19067,51567,62828,946,36953,33112,70066,60736,60921,0,26422,27797,32706,266,0,984,32293,31811,25633,11717,0.0,8.802474706578453,LOW,0
LOW,Sahibganj,PD,JHARKHAND,HF,1150038,31615.5,7204,7984,8410,23234,20574,18816,17934,29096,27088,25522,14742.5,7017,7846,8319,20146,18867,3939,13459,12180,25639,18983,18677,0,3293,8529,8635,145,0,134,17385,16807,14686,34745,18.903702297923488,12.770012816967787,LOW,0
LOW,Saraikela(Kharsawan),PD,JHARKHAND,HF,1063458,24734.5,5425,5986,6420,19133,18369,17935,13362,24133,23973,24055,9517.5,5402,5978,6499,18991,21395,295,13344,12565,25909,20776,21448,7,12929,12114,11725,9,0,26,17514,17467,15103,1563,0.0,14.201783239206438,LOW,0
LOW,Simdega,PD,JHARKHAND,HF,599813,11387.0,2854,3110,3396,8817,8642,8610,7375,11498,11671,11740,3906.0,2325,3202,3841,10034,10970,2,6686,6412,13098,11012,10936,13,4808,4746,5083,2,0,0,10767,10678,9990,0,0.0,16.655190867820473,LOW,0
LOW,Bagalkote,PD,KARNATAKA,NHF,1890826,47843.0,684,598,585,42612,41759,43208,31849,42389,41685,43029,29887.5,584,496,450,29612,23778,94,21176,19698,40875,34148,34421,1299,24205,28471,24883,4,0,33,15188,14400,9648,1,14.564304077921536,5.1025319093348624,LOW,0
LOW,Bangalore Rural,NPD,KARNATAKA,NHF,987257,9496.25,39,10,9,14295,14116,14096,8565,14295,14110,14075,7686.0,88,58,65,10456,9633,0,7224,6598,13823,12975,13079,72,10190,10154,9045,8,0,12,7066,6778,4457,0,0.0,4.514528638439637,LOW,0
LOW,Bangalore Urban,NPD,KARNATAKA,NHF,9588910,127455.5,1264,999,909,122715,123427,127074,111568,122369,122976,127090,101299.75,1530,930,942,91411,85060,43,66927,63968,130895,124910,124572,6083,112010,97354,76465,17,1,32,28788,27345,12296,0,0.0,1.2823146739306137,LOW,0
LOW,Belgaum,NPD,KARNATAKA,NHF,4778439,101567.0,883,774,836,98623,96099,95303,77584,98007,95966,94550,48996.5,953,702,791,67111,58167,100,45126,41610,86737,86247,86311,2892,75913,74007,65729,15,0,96,30231,29909,25836,14,14.601199208404307,5.4067866096020065,LOW,0
LOW,Bellary,PD,KARNATAKA,NHF,2532383,59978.25,206,166,188,59913,58687,60669,36496,59732,58602,60367,31582.75,350,201,279,43147,40766,41222,28113,26106,54219,53873,54242,2348,25909,29211,23323,45,0,301,19949,19802,13394,45553,9.602230808668143,5.289089367603557,LOW,0
LOW,Bidar,NPD,KARNATAKA,NHF,1700018,36736.0,275,194,166,38494,36274,36106,29218,38327,35838,35691,23049.0,276,168,149,24120,20202,3,16710,15609,32320,27745,27596,760,12452,16058,13655,29,0,36,15462,14551,10850,0,12.020905923344948,6.382285364037322,LOW,0
LOW,Bijapur,NPD,KARNATAKA,NHF,2175102,64703.75,622,482,518,56170,52734,53194,39870,55397,52943,53147,28466.25,464,247,234,36267,31809,30127,25018,22889,47908,43981,43697,1798,31411,30381,22746,28,0,45,18177,17535,13368,27420,25.957923613391802,6.145918674158729,LOW,0
LOW,Chamrajnagar,NPD,KARNATAKA,NHF,1020962,10194.5,155,95,134,14143,13710,13783,9906,13946,13612,13676,8473.5,119,101,81,9877,8471,27,6586,5941,12527,12032,12059,230,8944,10673,10572,15,0,163,6595,6316,4901,3,0.0,4.800374548709943,LOW,0
LOW,Chikkaballapur,NPD,KARNATAKA,NHF,1254377,16278.25,319,288,394,21172,20509,20750,15039,21123,20498,20847,12880.5,382,277,411,15094,13018,12704,10847,10258,21105,18477,18470,913,13446,15146,15207,9,0,745,9974,9134,7875,13897,0.0,6.278016896036838,LOW,0
LOW,Chikmagalur,NPD,KARNATAKA,NHF,1137753,13544.0,106,18,26,15661,15469,15628,13086,15647,15441,15600,12159.0,22,19,27,10901,9663,7,7390,6607,13998,13743,13781,706,10457,12107,12965,5,0,13,7110,6865,5724,0,0.0,5.030968936139917,LOW,0
LOW,Chitradurga,NPD,KARNATAKA,NHF,1660378,24179.0,65,35,51,29227,28868,28950,20596,28916,28538,28643,18246.75,246,226,237,20492,18435,18505,14057,12541,26598,24772,24887,1709,15379,16936,14497,29,0,245,19233,18121,12852,21292,0.0,7.740406100297643,LOW,0
LOW,Dakshina Kannada,NPD,KARNATAKA,NHF,2083625,29433.0,19,15,6,31894,31369,31178,27123,31872,31342,31208,23831.25,3,3,5,22319,18249,0,15492,14349,29842,27608,28581,1250,20171,21205,22978,10,0,32,9258,9213,6770,0,0.0,3.249145119683244,LOW,0
LOW,Davanagere,NPD,KARNATAKA,NHF,1946905,38082.75,1069,840,798,37679,35643,35760,33185,38035,35950,36057,29390.75,1761,671,608,25844,21655,19962,20013,18066,38080,30049,30099,2078,15506,18610,16300,14,0,256,17995,17575,13009,20357,0.007221117172473101,6.681887405908352,LOW,0
LOW,Dharwad,NPD,KARNATAKA,NHF,1846993,37125.75,26,19,21,37067,36618,37212,33119,37044,36569,37113,22559.5,62,59,70,27107,24519,24803,18780,17442,36222,34322,34154,3361,26388,28265,25701,2,0,16,14992,14441,7404,27380,2.4342942566816834,4.008677888871262,LOW,0
LOW,Gadag,PD,KARNATAKA,NHF,1065235,18403.75,3,2,4,20399,20120,20444,13993,20403,20124,20447,12961.75,0,0,2,14393,13183,0,9993,9217,19210,18162,18162,11,14246,15930,14386,6,0,602,8443,8222,5732,0,0.0,5.380972273723639,LOW,0
LOW,Gulbarga,PD,KARNATAKA,NHF,2564892,72587.25,918,718,785,63995,61807,65372,47901,62674,61457,65143,37717.75,1243,1015,1027,45471,37055,213,29963,28386,58349,49364,48907,3878,31079,38208,35189,65,0,71,24165,22647,15026,288,19.615359446734793,5.858336335409054,LOW,0
LOW,Hassan,NPD,KARNATAKA,NHF,1776221,22652.5,1,1,8,25439,25467,25262,21810,25363,25387,25194,21556.25,17,11,17,17725,16623,0,12145,11137,23282,22315,22293,75,17312,19453,21526,2,0,37,20122,19317,14526,0,0.0,8.17803640425375,LOW,0
LOW,Haveri,NPD,KARNATAKA,NHF,1598506,29075.25,123,68,94,31765,31013,31534,22361,31592,30906,31772,20781.0,132,33,89,22252,21102,97,15426,14106,29532,28971,28835,342,22413,23735,21803,22,0,328,14228,14060,12081,5,0.0,7.5576819855540105,LOW,0
LOW,Kodagu,NPD,KARNATAKA,NHF,554762,7271.0,18,11,9,8091,8040,7452,6567,8087,8037,7455,6117.5,8,4,4,5341,5136,2,3712,3452,7165,7045,7060,44,6540,7123,7632,3,1,390,4368,4337,2977,0,1.4578462384816395,5.36626517317336,LOW,0
LOW,Kolar,NPD,KARNATAKA,NHF,1540231,21479.0,55,38,42,26739,25532,25442,20463,26755,25510,25340,17677.5,203,129,145,18358,17674,17237,11873,10974,22847,23201,23225,136,13314,12394,10894,0,0,5,11794,11240,8210,20300,0.0,5.330369275777465,LOW,0
LOW,Koppal,PD,KARNATAKA,NHF,1391292,35125.75,231,215,249,31323,30440,30304,28647,31342,30647,30353,21752.25,233,213,219,21335,19255,20049,14523,13576,28099,26380,26446,1094,16985,21726,19969,48,0,1155,15163,14679,10917,19969,20.00455506288122,7.8466633891375785,LOW,0
LOW,Mandya,NPD,KARNATAKA,NHF,1808680,19721.75,11,1,1,23786,23517,23863,18690,23806,23505,23866,15824.0,19,20,22,17379,16464,17008,12426,10844,23270,22347,22368,59,18957,20977,22033,5,1,6,13728,13598,10772,21663,0.0,5.955724616847646,LOW,0
LOW,Mysore,NPD,KARNATAKA,NHF,2994744,41747.0,278,502,255,43124,42327,42536,38857,43032,42059,42226,36162.25,800,703,711,30561,25252,1,21447,19630,41077,38684,38595,655,34336,36200,34249,0,0,2,17579,16318,13877,0,1.6049057417299446,4.633785058088438,LOW,0
LOW,Raichur,PD,KARNATAKA,NHF,1924773,51619.75,284,195,237,47349,46036,47069,36633,47160,45799,46753,29842.75,419,309,453,32775,29807,30529,22109,20947,43056,42145,41583,1015,30803,28765,24257,91,0,126,19167,18291,12422,30922,16.590064849209845,6.453748052367734,LOW,0
LOW,Ramanagar,NPD,KARNATAKA,NHF,1082739,12811.0,301,293,291,14228,14178,14170,9318,14469,14385,14387,9121.25,271,256,248,10396,9277,2,7129,6370,13499,13260,13229,567,9076,7819,7877,2,2,2,7323,6525,4510,1,0.0,4.165362104810116,LOW,0
LOW,Shimoga,NPD,KARNATAKA,NHF,1755512,26407.0,9,7,13,28592,28177,28778,25026,28275,27895,28535,22514.25,8,6,4,19958,17691,2,13862,12702,26564,25545,25476,1193,18163,19885,18991,11,0,175,16049,14730,11462,4,0.0,6.5291493307935236,LOW,0
LOW,Tumkur,NPD,KARNATAKA,NHF,2681449,34155.25,0,1,0,42293,41834,42356,29808,42265,41824,42436,27330.25,0,0,0,29694,26745,0,19692,17599,37292,35921,35872,118,26510,28054,30752,4,1,46,25976,22621,17442,1,0.0,6.504692052692406,LOW,0
LOW,Udupi,NPD,KARNATAKA,NHF,1177908,14666.25,531,450,405,15616,15384,15445,13727,15059,14786,14713,10082.5,532,505,403,11292,9668,0,7239,6812,14051,14455,14444,1553,10443,10114,10679,7,1,19,7985,7935,5755,0,4.195005539930112,4.885780553319953,LOW,0
LOW,Uttara Kannada,NPD,KARNATAKA,NHF,1436847,22177.0,87,109,83,23272,22823,22249,19704,23261,22804,22234,16792.25,237,190,206,15934,14863,2,10676,10153,20829,20543,20618,974,18092,17251,17177,5,0,92,12253,11850,7669,5,6.078369481895658,5.337381085112054,LOW,0
LOW,Yadgir,PD,KARNATAKA,NHF,1172985,34347.0,1257,1046,1025,30529,29457,30036,22790,30944,29906,30571,16673.25,729,488,485,21151,12334,107,13842,13254,27096,21968,21856,7124,13480,18630,17830,34,0,369,12169,11656,8400,52,21.111014062363527,7.161216895356718,LOW,0
LOW,Alappuzha,NPD,KERALA,NHF,2121943,19049.25,7,17,14,23776,24085,23693,18612,23936,24050,23679,12299.5,46,33,34,18005,323,3456,11162,10724,21886,24309,24288,17043,22628,22235,21313,14,0,345,9258,9258,9053,21323,0.0,4.2663728479040195,LOW,0
LOW,Ernakulam,NPD,KERALA,NHF,3279860,38999.75,16,18,16,42847,43849,43741,38363,42913,43875,43843,16856.25,107,67,18,31337,377,23,22241,21348,43589,43748,43706,33298,36850,34266,34137,9,0,286,10671,10662,9171,6,0.0,2.796155933484966,LOW,0
LOW,Idukki,NPD,KERALA,NHF,1107453,13309.0,13,7,3,15292,15107,14563,12659,15389,15110,14552,8191.25,154,6,18,10407,372,0,7299,6997,14296,15656,15636,11233,13567,12990,13307,2,1,19,12351,12284,9550,1,0.0,8.623390789496257,LOW,0
LOW,KOZHIKKODE,NPD,KERALA,NHF,3089543,55338.75,23,30,27,50426,48560,47379,53946,49714,47973,46717,30574.5,95,4,30,33816,6168,1,22537,21671,44209,45357,44728,31143,33601,30380,30926,13,1,217,20433,20383,14846,16,20.112037225271624,4.805241422436911,LOW,0
LOW,Kannur,NPD,KERALA,NHF,2525637,41259.25,84,86,103,40381,38960,38586,39340,39085,37483,37094,18967.5,98,11,45,29634,2807,3,19131,18323,37454,36774,34765,22615,30028,26915,28099,10,1,148,11040,11020,10149,5,9.222780346225392,4.018392191752022,LOW,0
LOW,Kasaragod,PD,KERALA,NHF,1302600,22154.5,124,102,99,26599,26552,25765,21679,26299,26209,25451,7399.0,101,55,26,18213,7020,10,13179,12449,25628,24340,23897,10731,19188,19581,20852,9,0,154,6194,6187,5486,22,0.0,4.211576846307385,LOW,0
LOW,Kollam,NPD,KERALA,NHF,2629703,27960.5,4,10,5,32320,33106,32877,27559,32298,33083,32861,24179.75,9,14,36,24969,1187,2,16501,15876,32377,32788,32743,25498,30675,31230,30079,13,3,840,19024,19023,18381,10,0.0,6.989762722254186,LOW,0
LOW,Kottayam,NPD,KERALA,NHF,1979384,25033.0,28,4,8,24717,23541,23151,24855,24715,23519,23149,19292.0,69,52,46,17577,407,2,11844,11375,23220,23489,23479,19911,21626,21411,20398,3,0,26,8766,8736,7383,7,7.24243997922742,3.7299483071501034,LOW,0
LOW,Malappuram,PD,KERALA,NHF,4110956,88970.0,513,389,174,89850,86022,81830,74188,85440,80477,75936,28477.75,1314,453,228,60942,17670,6,39881,38362,78243,78017,72384,34646,47801,46377,35455,26,1,265,31093,31048,28471,7,12.056873103293245,6.925639680891744,LOW,0
LOW,Palakkad,PD,KERALA,NHF,2810892,37542.25,226,231,204,41022,41288,40114,36312,40727,40925,39808,17791.25,210,117,182,32785,4946,9,20909,20610,41519,39149,38693,24488,28892,21158,18980,8,1,124,25620,25589,23157,7,0.0,8.238310116503943,LOW,0
LOW,Pathanamthitta,NPD,KERALA,NHF,1195537,14657.25,2,2,4,15813,15048,14727,14613,15811,15046,14726,13804.75,0,1,26,10829,225,4,6986,6809,13796,14424,14413,12258,12868,13846,13922,6,0,35,6751,6751,5996,8,5.875931706152246,5.015319475683312,LOW,0
LOW,Thiruvananthapuram,NPD,KERALA,NHF,3307284,45044.75,85,87,101,46528,45817,45563,44558,46470,45801,45685,34583.75,556,282,260,33342,1556,2269,22636,21825,44462,48129,45305,35090,38600,34735,29803,24,0,232,29252,29151,26624,39761,1.2937134738232536,8.05010999962507,LOW,0
LOW,Thrissur,NPD,KERALA,NHF,3110327,39961.5,398,403,513,41983,42083,41446,39204,41948,41923,41442,19513.0,803,524,591,30881,1984,0,20985,20074,41060,39598,39582,25965,33403,30764,32768,4,0,51,10359,10321,9452,0,0.0,3.0389087706855262,LOW,0
LOW,Wayanad,NPD,KERALA,NHF,816558,13651.5,41,47,42,15025,14669,14223,13084,14982,14454,14065,11322.75,9,8,12,9881,2028,0,6573,6248,12821,13329,13101,7964,9294,10632,11435,11,0,132,9748,9736,8424,0,6.0835805589129395,10.316474763580786,LOW,0
LOW,Lakshadweep,NPD,LAKSHADWEEP,NHF,64429,811.75,479,488,510,609,574,539,789,1032,1012,1001,737.0,496,495,515,846,677,3,552,481,1034,939,941,27,643,801,846,0,0,20,470,432,428,0,0.0,6.642971332784927,LOW,0
HIGH,Agar Malwa,NPD,MADHYA PRADESH,HF,480000,10485.75,1765,2258,2594,10907,10771,10588,9806,12610,12961,13056,9884.5,1756,2267,2583,9933,11510,5,6671,6004,12675,11926,12088,2,7079,10675,10132,51,0,411,7701,7591,5767,0,0.0,12.014583333333334,HIGH,1
HIGH,Alirajpur,PD,MADHYA PRADESH,HF,728677,19013.25,3411,3634,3927,15851,14467,13252,12396,18718,17741,16785,11593.0,3514,3753,3946,15481,12236,0,8980,8774,17754,16061,16071,0,8190,15364,13146,9,0,63,18241,17000,14815,0,6.623012898899451,20.33136767044932,HIGH,1
HIGH,Anuppur,PD,MADHYA PRADESH,HF,749521,11516.75,2230,2528,2778,10895,10526,10068,8804,12817,12892,12651,7362.5,2270,2551,2773,10739,10116,0,6645,6125,12770,12569,12516,0,11833,12862,11075,14,0,37,12522,12354,10303,0,0.0,13.746112517194314,HIGH,1
HIGH,Ashok Nagar,NPD,MADHYA PRADESH,HF,844979,16541.5,2803,3093,3484,16531,15943,15424,13885,19277,18955,18831,12875.25,2862,3092,3480,16741,17141,0,8847,8344,17191,17327,17476,1,9101,16857,16200,24,0,69,12548,12206,10064,0,0.0,11.910355168589989,HIGH,1
HIGH,Balaghat,NPD,MADHYA PRADESH,HF,1701156,28393.0,4035,4637,5290,23211,22485,21762,23319,27025,27038,26835,20318.5,4041,4650,5260,20495,22080,0,14123,13486,27610,25493,25760,0,24070,27912,29797,48,0,322,20940,20766,17269,0,2.7577219737259187,10.151332388093744,HIGH,1
HIGH,Barwani,PD,MADHYA PRADESH,HF,1385659,38981.0,5791,6617,7396,33544,31748,30414,24937,38927,38060,37471,23700.25,5743,6535,7307,31618,34032,5,19536,17949,37486,34394,34213,0,26268,24949,21571,0,0,4,24944,24334,23042,0,3.8352017649624175,16.628910864794296,HIGH,1
HIGH,Betul,NPD,MADHYA PRADESH,HF,1575247,25345.75,4260,4750,5167,22320,21479,20882,18930,25936,25845,25719,17443.5,4235,4694,5115,20199,24318,0,13949,13175,27124,25564,25992,0,22900,26374,25187,3,0,21,21178,21037,18864,0,0.0,11.975264831483571,HIGH,1
HIGH,Bhind,NPD,MADHYA PRADESH,HF,1703562,29448.25,4929,5899,6574,29537,27157,25373,28720,34425,32666,31567,25980.5,5078,5971,6517,28079,29219,0,17573,15257,32830,29719,29806,0,20490,33050,33956,14,0,95,20592,20588,16901,0,0.0,9.920977340419663,HIGH,1
HIGH,Bhopal,NPD,MADHYA PRADESH,HF,2368145,48193.5,7659,8492,9261,33593,31597,30461,43771,39741,39193,38840,38952.75,7612,8540,9409,35135,29897,0,21470,19744,41214,36096,35905,0,25977,18469,17414,20,0,832,18171,17686,12990,0,14.482243456067728,5.485306009556003,HIGH,1
HIGH,Burhanpur,NPD,MADHYA PRADESH,HF,756993,16808.75,2495,2744,3057,14596,13920,13408,12169,16955,16616,16442,11833.0,2506,2778,3086,13910,12192,4,8670,8143,16813,14729,14710,5,10049,10364,9166,38,0,621,10476,10293,8641,0,0.0,11.414900798290077,HIGH,1
HIGH,Chhatarpur,PD,MADHYA PRADESH,HF,1762857,38883.75,6431,7183,8118,34909,32827,31873,34063,40838,39606,39434,32394.0,6439,7185,8098,30750,37421,0,21733,19199,40932,38151,38039,0,31406,34049,30807,7,0,52,21943,21079,17941,0,0.0,10.17722934985651,HIGH,1
HIGH,Chhindwada,NPD,MADHYA PRADESH,HF,2090306,32603.0,5840,6478,7014,29817,28710,28028,30346,34743,34679,34502,27342.75,5845,6378,6880,26846,28700,2,17648,16425,34073,32746,32846,14,24055,30194,29057,2,0,9,31642,31015,26299,0,0.0,12.581411525393891,HIGH,1
HIGH,Damoh,PD,MADHYA PRADESH,HF,1263703,24871.25,4167,4947,5408,23124,21977,21101,22019,26868,26578,26147,19782.0,4223,4933,5377,22479,23562,75,15748,14569,30318,26157,26707,94,23682,24537,24691,6,0,4,17870,17984,15501,1,0.0,12.266331566831765,HIGH,1
HIGH,Datia,NPD,MADHYA PRADESH,HF,786375,12504.0,1929,2138,2315,11415,10650,9936,10664,13354,12760,12219,9271.25,2025,2125,2330,9515,11364,8,6269,5378,11648,11385,11330,1,8985,10132,9481,1,0,311,10697,10639,9569,0,6.8458093410108765,12.168494674932443,HIGH,1
HIGH,Dewas,NPD,MADHYA PRADESH,HF,1563107,26948.5,4673,5525,6090,27549,27020,26049,25525,31258,31848,31660,22144.75,4687,5553,6097,25048,25091,5,15907,14723,30631,28849,29333,0,18323,24149,23421,52,0,78,19281,19029,14493,1,0.0,9.27191804527777,HIGH,1
HIGH,Dhar,NPD,MADHYA PRADESH,HF,2184672,38931.0,7814,8609,9645,40299,38570,37933,33598,48205,47203,47729,31701.25,7282,8614,9674,39628,39281,5,24932,23003,47935,44346,44289,0,39683,41236,38514,33,0,35,34836,34430,32054,1,0.0,14.672225395848896,HIGH,1
HIGH,Dindori,PD,MADHYA PRADESH,HF,704218,11817.5,2391,2741,3132,13541,13271,13047,10476,15889,16019,16145,9737.25,2388,2744,3120,13279,14724,0,8886,8298,17184,15292,15443,0,8786,14868,13145,0,0,0,13920,13893,13742,0,0.0,19.513843724528485,HIGH,1
HIGH,Guna,NPD,MADHYA PRADESH,HF,1240938,24891.0,4530,5004,5578,25340,23487,22298,24661,29622,28341,27837,24260.75,4823,5292,5776,20888,24296,5,13967,12901,26868,24416,24429,20,16955,22966,22701,13,0,179,17453,17333,13336,0,0.0,10.746709344060703,HIGH,1
HIGH,Gwalior,NPD,MADHYA PRADESH,HF,2030543,30682.25,6564,7178,8047,32477,30847,29311,34783,38924,37727,36590,26814.75,6762,7446,7864,30098,30268,0,19632,17223,36855,33831,34022,0,23263,23108,23496,43,0,205,17444,16938,11190,0,0.0,5.510841188785463,HIGH,1
HIGH,Harda,NPD,MADHYA PRADESH,HF,570302,10122.25,1603,1971,2202,8950,8360,7896,7438,9563,9862,9668,5912.75,1746,2082,2193,7544,9040,0,5156,4669,9825,9799,9833,3,10991,10915,10958,0,0,75,8367,7683,6317,0,2.936600064214972,11.076587492240954,HIGH,1
HIGH,Hoshangabad,NPD,MADHYA PRADESH,HF,1240975,23019.75,3288,3624,4222,18464,17714,17641,20576,21550,21238,21692,18336.75,3553,3626,4148,17413,19909,0,11143,10101,21244,20332,21066,3,15960,19415,20315,1,0,33,16610,16290,14777,0,7.714028171461463,11.907572674711417,HIGH,1
HIGH,Indore,NPD,MADHYA PRADESH,HF,3272335,66941.5,9936,11345,12399,50530,47955,47147,43058,59310,59042,59271,40360.0,9596,11349,12509,49156,45351,45,31925,29304,61230,54711,54611,12,48480,44180,42121,13,0,119,20052,19524,11056,0,8.53207651456869,3.378627188231034,HIGH,1
HIGH,Jabalpur,NPD,MADHYA PRADESH,HF,2460714,36320.75,5958,6849,7712,32736,31200,29794,31925,38178,37329,36704,29386.75,6372,7158,8232,30620,34811,18,19821,18093,37914,35906,35870,11,30689,30710,32173,49,0,688,26905,26451,21423,0,0.0,8.706009719130302,HIGH,1
HIGH,Jhabua,PD,MADHYA PRADESH,HF,1024091,34470.5,4699,5358,5965,25732,23443,21595,28264,30125,28545,27291,26611.25,4552,5247,5804,20155,25168,16,13161,12194,25355,25034,25418,74,27545,24257,22055,28,0,198,22087,21813,19702,0,26.44435096676869,19.238524701418136,HIGH,1
HIGH,Katni,NPD,MADHYA PRADESH,HF,1291684,22962.25,3404,4002,4618,19752,18766,18187,20228,23004,22631,22712,18872.75,3439,4000,4653,19747,21803,0,12037,11040,23077,22560,22603,0,15627,13883,13130,0,0,39,15912,15839,14158,0,0.0,10.960885170057074,HIGH,1
HIGH,Khandwa,NPD,MADHYA PRADESH,HF,200681,25398.0,4757,5088,6676,23639,22228,21319,22059,27782,26843,26588,21212.25,6079,6290,6838,21903,23449,0,13808,12726,26535,25174,25134,4,25676,26022,24808,22,0,632,15044,14959,13874,2,0.0,69.13459669824249,HIGH,1
HIGH,Khargone,NPD,MADHYA PRADESH,HF,106452,34168.75,5901,6659,7372,33249,31181,30119,27164,38439,37132,36758,26295.5,6085,6699,7400,29304,34383,4,18604,17249,35853,35659,35036,44,34546,32435,31464,94,0,1446,22690,22261,20110,0,0.0,188.91143426145118,HIGH,1
HIGH,Mandla,PD,MADHYA PRADESH,HF,1053522,16719.75,2878,3170,3670,14469,14006,13626,13677,16825,16851,16864,12204.25,2866,3103,3510,13912,15428,15,8840,8320,17161,17008,16946,61,14532,20269,18739,6,0,26,22322,22125,20584,0,0.0,19.538272575228614,HIGH,1
HIGH,Mandsaur,NPD,MADHYA PRADESH,HF,1339832,21452.5,3429,3853,4436,20498,19450,18824,21313,23879,23344,23179,20550.75,3452,3901,4441,18499,19461,3,12612,11267,23879,21405,21903,60,21987,23866,22777,55,0,148,17432,17328,15329,0,0.0,11.440986631159728,HIGH,1
HIGH,Morena,NPD,MADHYA PRADESH,HF,1965137,41712.25,6727,7212,8186,37185,34170,32062,39876,43156,41154,40171,36188.5,5965,7153,8145,32950,36446,13,21154,17957,39111,36948,36895,0,25594,27972,28343,34,0,554,22760,22394,18441,0,6.23617762168188,9.384078565514772,HIGH,1
HIGH,Narsinghpur,NPD,MADHYA PRADESH,HF,1092141,18283.5,3199,3456,3827,16767,15998,15756,17424,19777,19493,19463,17374.75,3306,3507,3779,16740,19027,0,11086,10071,21158,19300,19312,0,18283,18013,18305,4,0,99,13894,13878,13574,0,0.0,12.428798113064154,HIGH,1
HIGH,Neemuch,NPD,MADHYA PRADESH,HF,825958,12619.5,2218,2504,2761,11794,11285,11191,12086,13736,13671,13886,11004.5,2223,2501,2886,11495,10901,11,6943,6089,13033,11661,11668,9,9415,11705,11175,7,0,8,9758,9501,7599,0,0.0,9.200225677334682,HIGH,1
HIGH,Panna,PD,MADHYA PRADESH,HF,1016028,20522.0,3524,4082,4536,21388,20381,19832,17182,24640,24454,24421,16714.0,3457,4013,4496,19328,23580,0,13378,12181,25560,24043,24040,1,11106,22667,20713,44,0,464,17606,17403,16393,2,0.0,16.13439787092482,HIGH,1
HIGH,Raisen,PD,MADHYA PRADESH,HF,1331699,21920.0,4358,5069,5776,25287,24401,24086,19842,29121,29205,29670,17694.75,4107,5180,5889,25173,28781,15,16106,14641,30748,29707,30307,40,18139,20487,19150,21,0,134,23376,23140,18778,0,0.0,14.100784036032167,HIGH,1
HIGH,Rajgarh,NPD,MADHYA PRADESH,HF,1546541,23790.5,5093,5788,6381,25840,24913,24357,22138,30636,30477,30541,21713.0,5003,5679,6270,26059,25580,0,15737,14454,30192,27094,27992,0,17869,23921,25512,23,0,512,21800,21309,15792,0,0.0,10.211174485513157,HIGH,1
HIGH,Ratlam,NPD,MADHYA PRADESH,HF,1454483,28701.5,4536,5307,5835,27304,26028,25364,28135,30835,30888,30786,25984.75,4584,5259,5845,24808,28059,0,16196,14908,31104,28408,28909,0,26186,23947,22532,3,0,32,19446,19279,16547,0,0.0,11.376550980657731,HIGH,1
HIGH,Rewa,NPD,MADHYA PRADESH,HF,2363744,46813.75,9074,10723,11729,47684,44799,42296,39820,54331,52140,50718,36574.75,8287,10484,12593,42694,38472,131,27241,23719,50960,47402,45236,129,33224,40248,36853,59,0,48,32072,31510,28350,1,0.0,11.99368459528612,HIGH,1
HIGH,Sagar,PD,MADHYA PRADESH,HF,2378295,45984.5,6867,8546,9904,42048,40158,39089,36592,47116,47115,47346,30653.0,7294,8510,9827,38121,41561,27,25243,23359,48603,45318,45198,149,36752,40710,39949,13,0,119,27663,27568,23364,1,0.0,9.823844392726723,HIGH,1
HIGH,Satna,PD,MADHYA PRADESH,HF,2228619,40007.0,7302,8510,9557,39596,37743,36136,34659,44903,44137,43695,30424.75,6638,8249,9336,35667,41053,0,23911,21232,45143,42988,41717,4,32751,34670,34893,17,0,94,26595,26299,23583,0,0.0,10.581889501974093,HIGH,1
HIGH,Sehore,NPD,MADHYA PRADESH,HF,1311008,24422.5,5182,6257,7057,25961,24774,24355,22688,29989,29965,30582,21559.25,5162,6248,7011,24547,24797,0,16314,15023,31337,28237,28830,0,21890,23100,20721,0,0,848,18483,18349,16074,0,0.0,12.26079474724792,HIGH,1
HIGH,Seoni,NPD,MADHYA PRADESH,HF,1378876,21754.25,3536,4093,4632,19876,19138,18655,20140,22897,22889,22928,19229.75,3482,4075,4628,18970,21354,0,11932,11289,23221,22574,22469,0,17197,18191,19204,3,0,49,21297,20742,19802,0,0.0,14.360972270167876,HIGH,1
HIGH,Shahdol,PD,MADHYA PRADESH,HF,1064989,20413.75,3385,3721,4092,16870,16120,15360,18500,20069,19703,19345,18408.0,3405,3686,4083,15193,18569,0,10320,9350,19670,19429,19402,0,15318,16605,15374,42,0,189,14868,14750,12916,0,3.6433776253750536,12.127824794434495,HIGH,1
HIGH,Shajapur,NPD,MADHYA PRADESH,HF,1512353,16243.25,2515,2961,3463,16183,15674,15256,15334,18542,18645,18719,13659.25,2584,3023,3467,14251,17088,0,9328,8546,17875,17136,17292,2,13462,13831,14079,40,0,393,10539,10370,8335,0,0.0,5.511279443357471,HIGH,1
HIGH,Sheopur,NPD,MADHYA PRADESH,HF,687952,14259.0,2472,2915,3352,13579,12401,11536,9221,15976,15224,14789,8220.5,2595,2933,3382,11990,12384,0,7198,6315,13514,13450,13509,0,8429,8394,8700,2,0,7,8953,8492,6869,0,5.224770320499333,9.984708235458289,HIGH,1
HIGH,Shivpuri,NPD,MADHYA PRADESH,HF,1725818,36769.5,6872,7890,8736,34402,32207,30643,32807,40404,39484,38800,29141.5,5533,8955,9598,36339,35936,5,21715,19111,40826,40889,40803,75,27721,32365,30422,28,0,49,24099,23506,19646,0,0.0,11.383587377116243,HIGH,1
HIGH,Sidhi,PD,MADHYA PRADESH,HF,1126515,27293.0,4327,5086,5691,23771,23143,22179,19384,27091,27356,26055,17953.5,4314,4847,5525,22874,22062,6,13879,12531,26411,25322,24786,105,20885,19569,19895,13,0,6,16963,16951,15011,40,3.231597845601436,13.325166553485749,HIGH,1
HIGH,Singroli,PD,MADHYA PRADESH,HF,1178132,29131.25,5604,6480,7024,26039,24347,22695,16538,30534,29517,28476,13620.25,5392,6296,7046,24884,23593,81,15701,14354,30056,27549,26618,23,16851,17176,17117,102,0,791,13985,13431,12175,0,0.0,10.334156104748873,HIGH,1
HIGH,Tikamgarh,PD,MADHYA PRADESH,HF,1444920,28182.5,4750,5464,6124,26904,25400,24724,24911,31422,30666,30565,23328.75,4006,5467,6104,24344,27080,0,15844,14083,29927,28004,28424,10,15197,27122,27542,19,0,80,18673,18584,15440,0,0.0,10.685712703817513,HIGH,1
HIGH,Ujjain,NPD,MADHYA PRADESH,HF,1986597,33429.0,5083,6122,6973,33375,31949,30971,31423,38385,38053,37862,29212.5,5129,6109,6940,28358,33091,0,18823,17376,36199,36228,36287,0,32597,30352,29194,48,1,338,23688,23260,16914,0,0.0,8.514056952668307,HIGH,1
HIGH,Umaria,PD,MADHYA PRADESH,HF,643579,11266.0,1959,2325,2624,11132,10837,10546,10175,12266,12418,12405,9523.75,2004,2325,2614,11573,11378,0,6901,6453,13354,13039,12957,0,8926,10870,9820,1,0,213,10505,10315,9625,0,0.0,14.955428937240029,HIGH,1
HIGH,Vidisha,NPD,MADHYA PRADESH,HF,1458212,27549.0,5041,5945,6530,26657,25109,23892,22462,31421,30824,30274,20540.75,5216,6088,6634,24828,26355,15,16276,14737,31013,29336,29320,107,17155,20914,20540,66,1,1382,20850,20476,16151,0,0.0,11.075892942864275,HIGH,1
LOW,Ahmednagar,NPD,MAHARASHTRA,NHF,4543088,81899.75,35989,36640,38302,46407,44030,42478,57941,80021,79385,79872,26437.75,36201,36643,38539,61451,75162,0,41332,37013,78346,76191,76345,135,62478,76769,75701,0,0,3069,31755,31673,25414,0,4.33914633439052,5.593992456232413,LOW,0
LOW,Akola,NPD,MAHARASHTRA,NHF,1818617,37420.0,12765,13151,13988,18627,17587,17045,36541,31122,30543,30926,22618.25,12751,13031,13867,22643,29157,0,15837,14338,30175,29031,29041,0,26351,29164,30079,0,0,1,14282,14258,10575,0,19.361304115446284,5.814858213686554,LOW,0
LOW,Amravati,NPD,MAHARASHTRA,NHF,2887826,51099.0,20217,20458,21333,26499,24580,23499,36803,45876,44530,44375,23060.5,20364,20504,21249,33578,43520,28030,22788,20542,43330,43634,43625,15,42628,48294,49946,1,0,17,23315,23308,20596,34626,15.203820035617136,7.132008645950275,LOW,0
LOW,Aurangabad,PD,MAHARASHTRA,NHF,3695928,76699.75,32206,33439,33958,44188,41600,39730,60406,74875,73944,72717,34640.5,32761,33406,33836,53096,69309,0,37006,33751,70757,69436,69073,3,56191,63611,69506,1,1,184,24156,24039,19373,0,7.7480695830168935,5.241714665437205,LOW,0
LOW,Bhandara,NPD,MAHARASHTRA,NHF,1198810,18316.25,7908,8221,8671,10240,9832,9637,14613,18111,18016,18257,12958.0,7902,8210,8667,13982,18229,13322,9283,8540,17823,18006,18071,47,18210,19043,20786,0,0,98,9240,9241,8291,16935,2.692963898177848,6.916025058182697,LOW,0
LOW,Bid,PD,MAHARASHTRA,NHF,2585962,50895.5,21985,22471,23152,28986,26573,25356,43291,49517,47891,47666,16229.0,22046,22543,23175,34789,43329,24547,23614,20897,44511,43336,44024,14,36923,47732,48314,0,0,0,22765,22765,19841,34327,12.54433103123066,7.672579875497011,LOW,0
LOW,Brihan Mumbai(greater),NPD,MAHARASHTRA,NHF,12478447,181440.0,80827,82739,90861,101302,97292,98527,164344,180322,178529,188890,112052.5,79994,81020,88753,138480,133210,0,94864,89340,184205,186566,184809,45986,174767,209028,209384,7,4,42,38786,38519,5176,0,0.0,0.4147952064868329,LOW,0
LOW,Buldana,NPD,MAHARASHTRA,NHF,2588039,46967.25,21232,21815,22920,26781,25249,25562,37606,46398,46012,47606,16821.75,20969,21698,22748,36676,43969,1,25081,22445,47526,44761,45132,2,36536,43055,42731,1,0,6,18336,18116,13367,0,0.0,5.164914439079164,LOW,0
LOW,Chandrapur,NPD,MAHARASHTRA,NHF,2194262,30810.5,14050,14639,15467,19957,18954,18264,23519,33810,33484,33453,21591.5,13869,14402,15246,25167,31092,20,16772,15624,32396,31175,31362,1203,28220,34481,36831,2,0,104,16766,16762,14954,15,0.0,6.815047610540582,LOW,0
LOW,Dhule,PD,MAHARASHTRA,NHF,2048781,41123.75,18220,17895,18257,25536,23968,22636,32213,42663,41094,40254,25129.0,18324,17999,18404,30540,35511,0,20666,18243,38910,36674,36656,0,31538,35305,32451,0,0,0,14657,14625,11116,0,5.3831423447521205,5.425665310250339,LOW,0
LOW,Gadchiroli,PD,MAHARASHTRA,NHF,1071795,17613.25,7242,7632,8120,10150,9701,9261,14802,17123,17191,17158,11122.5,7251,7638,7986,13455,17354,11166,9047,8361,17408,17488,17548,42,16395,17450,18587,2,0,93,13546,13489,8672,15929,1.1653158843484308,8.091099510634029,LOW,0
LOW,Gondiya,NPD,MAHARASHTRA,NHF,1322331,19294.75,8239,8647,9096,11544,11108,10744,16577,19479,19517,19684,9952.75,8248,8660,9063,15491,18957,4915,9831,9156,18987,19202,19492,0,18837,20604,22087,0,0,9,15474,15394,11636,8359,1.5949934567693285,8.799612199971111,LOW,0
LOW,Hingoli,PD,MAHARASHTRA,NHF,1178973,24437.0,10585,10883,11205,13139,12226,11520,15986,23194,22890,22674,10064.75,10519,10894,11211,16807,20846,0,11345,10322,21667,20964,21323,1,18651,22097,21791,1,0,6,11605,11605,10051,0,11.335270286860089,8.525216438374756,LOW,0
LOW,Jalgaon,PD,MAHARASHTRA,NHF,4224442,77237.5,32581,32689,32895,45719,43479,41834,57476,76002,73947,73458,28495.25,32572,32670,33134,56747,64939,0,37829,33073,70902,67924,67729,0,54311,63979,64417,0,1,0,25815,25815,21133,0,8.202621783460106,5.002554183487429,LOW,0
LOW,Jalna,PD,MAHARASHTRA,NHF,1958483,48329.0,21332,21690,22177,22307,20785,19761,41831,42072,41315,40854,25818.75,21405,21766,22264,30351,37439,0,20794,18392,39186,37565,37660,39,32462,35925,34705,1,0,44,15958,15908,13949,0,18.918247842910056,7.122349287688482,LOW,0
LOW,Kolhapur,NPD,MAHARASHTRA,NHF,3874015,60801.25,26294,27551,29705,33787,32684,33352,56791,59436,59586,62531,26271.0,26382,27488,29650,47622,61613,0,33297,29433,62731,62080,62051,210,55897,64398,68217,3,0,5,24686,24686,20852,0,0.0,5.3825294945941105,LOW,0
LOW,Latur,NPD,MAHARASHTRA,NHF,2455543,52228.75,21864,21734,22216,27071,25035,23737,47523,47507,45456,44916,20026.25,21864,21688,22120,34990,40619,25345,22281,20176,42458,40259,41072,307,36166,43719,44131,0,0,34,21837,21838,15924,29499,18.707608357465954,6.484920036016473,LOW,0
LOW,Nagpur,NPD,MAHARASHTRA,NHF,4653171,62383.75,28219,29169,30545,37417,36198,35147,49275,63986,63805,64119,40864.75,28384,29078,30108,49402,61658,21417,33548,31557,65105,64126,64191,459,52082,52132,56357,2,0,1,29013,28583,16926,29205,0.0,3.6375194464162184,LOW,0
LOW,Nanded,PD,MAHARASHTRA,NHF,3356566,64252.75,28391,28684,29561,38461,35784,34570,63850,65743,63633,63518,30165.5,28495,28715,29533,47255,58796,0,31495,29088,60584,58953,58982,0,53678,60976,60570,0,0,64,27000,27000,11071,0,5.7098723400943925,3.298311429002141,LOW,0
LOW,Nandurbar,PD,MAHARASHTRA,NHF,1646177,31824.25,14878,15042,15860,19414,18691,17826,24992,32211,32079,32348,17999.0,14832,15334,15332,26951,27996,0,16526,14847,31374,28783,28968,0,24751,29557,26907,0,0,2,21605,21273,15348,0,1.4148016056937713,9.323420264042081,LOW,0
LOW,Nashik,NPD,MAHARASHTRA,NHF,6109052,123395.5,47394,48401,50923,69927,65946,64071,76524,116636,114098,114979,48164.0,46804,47745,50144,89194,105270,0,56243,50944,107187,107089,107139,0,88933,101805,102151,1,1,7,46097,46050,30138,0,13.135406072344615,4.933334992074057,LOW,0
LOW,Osmanabad,NPD,MAHARASHTRA,NHF,1660311,30317.25,13087,12840,13132,17471,16067,15325,24453,29902,28478,28285,17773.0,13101,12820,13230,21969,26233,0,14350,12768,27118,26427,26650,110,23677,28014,28510,0,0,9,13013,13012,8519,0,10.552573205023542,5.130966427374149,LOW,0
LOW,Palghar,NPD,MAHARASHTRA,NHF,2990116,53992.75,23967,25633,27075,33965,32535,30755,46178,57332,57847,57555,24708.0,23687,25702,26923,45420,53444,0,30123,27616,57740,53783,54434,2253,45488,47592,39484,2,1,8,25021,24867,20835,0,0.0,6.967957095978885,LOW,0
LOW,Parbhani,NPD,MAHARASHTRA,NHF,1835982,38037.0,17151,16890,16940,21176,19299,19052,28296,36726,35168,35514,19439.5,17130,16919,16939,27987,30450,0,19122,16734,35856,30752,30766,0,25045,29347,29293,3,0,58,14203,14142,8181,0,5.733890685385283,4.455926038490573,LOW,0
LOW,Pune,NPD,MAHARASHTRA,NHF,9426959,159302.5,66223,69282,71981,83429,82103,81395,138759,144811,148113,150814,99098.25,65833,69334,71673,125671,141060,0,81020,73539,154559,143314,143880,1908,110290,132247,147667,17,0,972,35589,35372,22789,0,2.9776682726259787,2.417428568428058,LOW,0
LOW,Raigarh,NPD,MAHARASHTRA,NHF,2635394,39940.75,17230,17313,17793,23468,22521,21705,31995,39840,39445,39660,19633.0,16865,17354,17784,30388,35219,2,20719,18914,39633,35603,36259,2160,32030,40505,42212,1,0,2,23117,23060,18394,0,0.7705163273098277,6.979601532066932,LOW,0
LOW,Ratnagiri,NPD,MAHARASHTRA,NHF,1612672,18791.0,8241,8512,8827,10849,10085,9595,14869,18627,18290,18305,6671.25,8235,8511,8835,14200,17788,0,9377,8556,17933,17842,17848,0,17552,19361,26219,0,0,37,12571,12570,9744,0,4.566015645787877,6.04214620207953,LOW,0
LOW,Sangli,NPD,MAHARASHTRA,NHF,2820575,52558.75,21596,21906,23141,29094,27638,26569,46672,50109,49088,49273,18753.0,21574,21939,23035,36963,47584,0,25860,22822,48682,47972,47988,2,41904,45325,50096,1,0,17,15604,15595,14344,0,7.37603158370395,5.085487888107921,LOW,0
LOW,Satara,NPD,MAHARASHTRA,NHF,3003922,52184.75,19888,20075,21600,29489,27979,27485,43105,48844,47665,48734,20046.0,19997,20102,21631,37645,45656,1,24912,22415,47327,44041,45854,187,35949,47880,51661,0,0,3,22082,22079,17819,5,9.30875399422245,5.931911680795972,LOW,0
LOW,Sindhudurg,NPD,MAHARASHTRA,NHF,848868,8737.5,3767,3859,3981,5003,4732,4402,8012,8700,8544,8345,5500.5,3787,3857,3969,6242,8153,0,4223,3887,8110,8211,8225,0,8128,10401,13699,0,0,16,6163,6162,5221,0,7.181688125894134,6.1505440186224485,LOW,0
LOW,Solapur,NPD,MAHARASHTRA,NHF,4315527,83846.25,36124,36131,37494,46714,43581,42555,63156,80685,77913,78289,25245.5,36284,36301,37342,60218,72063,0,40461,35850,76312,73690,73947,494,63891,79964,85400,7,0,42,24753,24678,17400,3,8.985792447485725,4.0319525286251245,LOW,0
LOW,Thane,NPD,MAHARASHTRA,NHF,11054131,146311.25,59563,63079,69416,82669,80287,80684,108145,137389,139086,145637,67248.0,58599,62171,68450,112919,139187,0,75888,70207,146096,143914,143731,11095,122875,134791,126749,60,2,1423,40329,40140,23492,20,0.14711787371100993,2.1251783609222654,LOW,0
LOW,Wardha,NPD,MAHARASHTRA,NHF,1296157,18778.25,8570,8652,8967,11640,11038,10667,16381,19675,19266,19170,10296.75,8563,8649,8964,14524,19441,0,9923,9118,19042,19440,19440,7,18939,22739,23299,0,0,1,10395,10395,8892,0,0.0,6.860280043235503,LOW,0
LOW,Washim,NPD,MAHARASHTRA,NHF,1196714,19303.75,9193,9472,9805,11665,10991,10545,17721,20602,20281,20203,11643.5,9199,9417,9824,15138,19393,13449,10104,8959,19064,19452,19608,23,19002,20994,22245,1,0,2,11403,11343,9583,17226,1.241986660622936,8.007761252897518,LOW,0
LOW,Yavatmal,NPD,MAHARASHTRA,NHF,2775457,48700.0,19563,19969,20723,24468,23703,24257,39753,42425,42768,44232,32060.25,19737,20039,20645,35400,42275,30898,23393,21273,44666,43591,43515,13,41378,45298,46078,1,0,20,28726,28520,22545,36512,8.283367556468173,8.122986592838584,LOW,0
LOW,Bishnupur,NPD,MANIPUR,HF,240363,4140.5,1866,1872,1882,2428,2199,1981,1158,4232,4034,3838,1110.5,1873,1836,1953,3237,2882,3076,2040,1842,3882,3431,3435,0,2579,2138,1787,0,0,0,3740,3283,3084,2950,6.243207342108441,12.830593726987932,LOW,0
LOW,Chandel,PD,MANIPUR,HF,144028,1591.5,852,868,842,645,567,550,262,1431,1400,1330,156.0,847,802,793,1164,992,534,698,687,1386,1254,1253,25,871,600,435,0,0,0,854,737,610,1250,12.91234684260132,4.235287582969978,LOW,0
LOW,Churachandpur,PD,MANIPUR,HF,271274,4815.0,2047,1983,2031,2802,2652,2455,3839,4765,4550,4342,3465.0,2120,1998,2010,3697,3147,4394,1884,1864,3749,3193,3069,27,2487,2601,5554,0,0,0,1006,943,797,6337,22.139148494288683,2.937988896834934,LOW,0
LOW,Imphal East,NPD,MANIPUR,HF,452661,8885.25,4275,4137,3975,3916,3530,3241,3320,8191,7667,7216,2267.25,3864,3828,3646,5643,4730,4872,3609,3290,6900,6046,6052,60,4320,2792,2197,0,0,0,3292,2986,2739,5572,22.343209251287245,6.0508857621929,LOW,0
LOW,Imphal West,NPD,MANIPUR,HF,514683,10385.75,4745,4878,4943,4912,4647,4392,9189,9573,9452,9278,8348.75,4599,4565,4552,7382,6214,5055,4649,4339,8989,8313,8271,26,5692,3370,2640,0,0,144,4625,4519,3534,5790,13.44871578846015,6.866362401711345,LOW,0
LOW,Senapati,PD,MANIPUR,HF,354972,6818.5,3509,3571,3606,3643,3452,3287,2020,7042,6922,6791,1386.25,3337,3355,3443,5019,5215,2036,3168,3038,6206,5836,5824,12,4474,3990,4157,0,0,0,2468,2406,2158,2957,8.982914130673903,6.079352737680718,LOW,0
LOW,Tamenglong,PD,MANIPUR,HF,140143,1996.0,1099,1073,1058,1065,910,800,816,2099,1937,1828,744.0,1069,1037,1022,1329,1178,2,801,743,1544,1291,1295,3,373,187,126,0,0,2,1203,1024,645,0,22.645290581162325,4.602441791598581,LOW,0
LOW,Thoubal,NPD,MANIPUR,HF,420517,8006.75,3574,3624,3615,4483,4171,3766,1754,7750,7584,7150,1488.75,3217,3194,3247,5801,5671,4444,3667,3238,6905,6160,6116,0,3035,1674,1237,4,0,5,4981,4556,3201,5015,13.760264776594749,7.612058489906473,LOW,0
LOW,Ukhrul,PD,MANIPUR,HF,183115,2201.75,1393,1360,1321,971,854,749,991,2213,2100,1978,730.5,1278,1311,1365,1402,922,2,854,818,1673,1318,1241,21,555,520,832,0,0,0,975,923,701,0,24.014988077665496,3.8281953963356363,LOW,0
HIGH,East Garo Hills,NPD,MEGHALAYA,HF,317618,4370.25,1986,2001,2080,2699,2451,2062,2078,4441,4233,4004,1346.5,1875,1931,1994,2995,2086,14,1733,1720,3453,2582,2533,12,894,2740,5736,2,0,101,6172,5024,4408,0,20.98850180195641,13.878306645089385,HIGH,1
HIGH,East Jaintia Hills,PD,MEGHALAYA,HF,122436,3757.5,1897,1999,2046,2514,2281,2099,1192,4400,4269,4143,730.5,1882,1971,1990,3122,3396,1054,1909,1875,3785,3519,3528,4,2100,1092,280,1,0,53,3499,3067,1834,1221,0.0,14.979254467640237,HIGH,1
HIGH,East Khasi Hills,NPD,MEGHALAYA,HF,824059,25187.75,8497,8269,8336,10671,9101,8143,19946,18918,17347,16406,14151.5,8381,7904,7678,12139,10729,4322,7117,6803,13921,13126,13087,4,7567,5246,3542,2,1,56,18240,17145,11684,4519,44.73106966680231,14.178596435449403,HIGH,1
HIGH,North Garo Hills,NPD,MEGHALAYA,HF,118325,3554.75,1649,1732,1780,2331,2146,1886,1976,3815,3743,3553,1111.0,1562,1640,1663,2697,2068,12,1533,1443,2976,2456,2401,143,1379,1869,2165,0,0,0,4782,3784,3508,0,16.281032421407975,29.64715825058103,HIGH,1
HIGH,Ri Bhoi,NPD,MEGHALAYA,HF,258380,5703.25,2902,2924,2941,4281,3786,3366,2929,6837,6475,6128,1718.75,2777,2852,2827,4920,4161,1655,2601,2473,5074,4797,4778,12,3044,1816,1043,1,0,0,6486,5583,3702,1659,11.033182834348835,14.327734344763527,HIGH,1
HIGH,South Garo Hills,PD,MEGHALAYA,HF,142574,2852.75,1595,1598,1546,1808,1623,1393,997,3358,3201,2900,618.5,1506,1583,1559,2190,1523,0,1176,1136,2313,1920,1913,15,244,1931,2868,1,0,1354,4693,3800,3416,2,18.92034002278503,23.95948770463058,HIGH,1
HIGH,South West Garo Hills,NPD,MEGHALAYA,HF,170794,3287.5,1536,1651,1755,2327,2185,1945,1652,3779,3797,3641,1549.25,1272,1645,1758,2715,2704,5,1711,1627,3339,2829,2837,15,892,1418,2093,0,0,4,4353,3914,3756,0,0.0,21.99140485028748,HIGH,1
HIGH,South West Khasi Hills,NPD,MEGHALAYA,HF,110152,2633.0,1256,1303,1331,1732,1541,1371,665,2977,2850,2644,550.25,1144,1154,1147,1956,1892,582,1186,1082,2269,2189,2189,0,1111,770,339,2,0,31,2943,2103,1658,613,13.824534751234333,15.051928244607451,HIGH,1
HIGH,West Garo Hills,PD,MEGHALAYA,HF,642923,13408.75,5556,5926,6108,7156,6330,5489,6407,12680,12218,11330,6111.0,5465,5894,6088,9470,7386,0,5490,5429,10920,8115,8121,365,1969,3722,5851,0,0,0,13198,10748,10165,4,18.560641372238276,15.810602513831359,HIGH,1
HIGH,West Jaintia Hills,PD,MEGHALAYA,HF,270352,9556.25,3972,4064,4202,5279,4816,4341,4739,9231,8868,8509,3993.0,3932,4032,4163,6293,6991,2043,3947,3754,7701,7351,7290,7,5056,2932,1317,1,0,4,6337,5616,3168,2347,19.413996075866578,11.71805645972658,HIGH,1
HIGH,West Khasi Hills,PD,MEGHALAYA,HF,385601,9877.0,4621,4649,4801,5938,5439,5001,4076,10497,10051,9723,3559.75,4416,4373,4454,7219,5335,1637,4538,4342,8881,7040,7037,0,2726,2321,1599,3,0,50,9961,8093,6023,4701,10.084033613445378,15.619772770298832,HIGH,1
LOW,Aizawl East,NPD,MIZORAM,HF,202027,4191.25,2340,2391,2427,2848,2793,2665,1017,4783,4829,4763,707.25,2492,2460,2571,3991,4424,0,2533,2423,4956,4660,4640,343,3281,3085,2518,1,0,48,1341,1325,1102,0,0.0,5.454716448791498,LOW,0
LOW,Aizawl West,NPD,MIZORAM,HF,202027,4485.75,1070,1119,1192,1735,1653,1564,2778,2806,2772,2756,2715.0,1069,1120,1191,2022,2546,0,1363,1301,2664,2547,2547,4,2298,2175,2466,1,0,0,914,916,873,1,40.61193780304297,4.321204591465498,LOW,0
LOW,Champhai,NPD,MIZORAM,HF,125370,2222.25,1053,1091,1159,1368,1305,1221,1094,2326,2315,2289,1048.5,967,1102,1232,1839,2061,0,1150,1100,2250,2183,2161,3,1476,1453,1031,7,0,12,1259,1218,1117,0,0.0,8.909627502592327,LOW,0
LOW,Kolasib,NPD,MIZORAM,HF,83054,1396.0,615,664,672,753,740,691,633,1664,1482,1427,940.75,704,662,680,1111,1281,0,679,674,1353,1320,1296,22,1202,1249,901,26,0,18,523,516,496,0,3.080229226361032,5.972018205023238,LOW,0
LOW,Lawngtlai,PD,MIZORAM,HF,117444,1993.75,853,881,893,1206,1075,969,598,1983,1933,1816,332.5,1016,877,888,1271,1281,2,750,746,1497,1409,1411,32,966,737,383,2,0,44,714,680,568,0,24.9153605015674,4.836347535846872,LOW,0
LOW,Lunglei,PD,MIZORAM,HF,154094,2390.75,946,1012,1064,1306,1253,1159,1301,2215,2234,2213,555.5,975,1037,1088,1565,1835,0,1005,975,1980,1969,1942,8,2239,2268,2013,2,0,1,1274,1233,1188,0,17.180801003869078,7.70957986683453,LOW,0
LOW,Mamit,PD,MIZORAM,HF,85757,1549.25,657,686,685,963,884,806,301,1559,1546,1457,294.0,637,681,682,1000,1022,0,650,582,1232,1103,1109,0,701,852,691,1,0,0,789,716,520,0,20.477650476036793,6.0636449502664505,LOW,0
LOW,Saiha,PD,MIZORAM,HF,56366,1246.75,473,492,504,651,610,575,494,1103,1099,1077,468.5,473,487,491,788,883,0,494,451,945,920,923,3,548,420,230,6,0,64,501,441,364,0,24.202927611790656,6.4577937054252565,LOW,0
LOW,Serchhip,NPD,MIZORAM,HF,64875,958.25,421,443,455,626,605,571,360,1044,1049,1024,342.75,422,447,455,795,900,0,486,486,972,918,930,0,702,849,674,3,0,4,533,531,515,0,0.0,7.938342967244702,LOW,0
LOW,Dimapur,NPD,NAGALAND,HF,379769,9546.0,3945,3698,3619,4741,4070,3601,5986,8672,7769,7190,3568.75,3875,3629,3437,5484,5241,4827,3442,3154,6596,5704,5717,229,2028,2579,2008,0,0,0,6914,6626,3268,5779,30.902996019275086,8.605231074679608,LOW,0
LOW,Kiphire(Mokokchung),PD,NAGALAND,HF,74033,926.0,519,494,497,379,356,317,655,864,809,790,502.25,440,434,440,568,518,0,348,328,677,582,581,0,190,274,267,0,0,0,1314,1132,901,0,26.88984881209503,12.170248402739318,LOW,0
LOW,Kohima,NPD,NAGALAND,HF,270063,3490.75,1460,1465,1456,1701,1572,1442,3059,3120,3031,2895,2394.5,1462,1454,1447,2153,2207,307,1390,1309,2700,2353,2364,8,1785,3602,4230,0,0,0,3496,3347,1197,21096,22.652725059084723,4.432299130202952,LOW,0
LOW,Longleng,NPD,NAGALAND,HF,50593,573.25,354,338,337,296,283,275,310,606,583,568,127.25,337,347,346,486,415,147,277,275,553,440,428,0,349,831,599,0,0,0,381,378,338,500,3.532490187527257,6.680766113889273,LOW,0
LOW,Mokokchung,NPD,NAGALAND,HF,193171,1310.25,797,800,796,563,505,463,1024,1311,1265,1214,830.0,795,803,800,939,1109,911,604,586,1191,1077,1056,0,470,631,629,0,0,0,1975,1810,1378,1176,9.101316542644533,7.133575950841482,LOW,0
LOW,Mon,PD,NAGALAND,HF,250671,2824.75,1647,1521,1411,1305,1069,946,1655,2675,2406,2180,1110.5,1602,1478,1374,1528,1518,0,1062,1003,2065,1468,1453,0,787,519,272,0,0,0,1266,1266,970,0,26.896185503141872,3.8696139561417158,LOW,0
LOW,Peren,NPD,NAGALAND,HF,94954,1185.25,667,654,605,595,486,408,819,1216,1120,988,662.0,678,668,615,753,732,0,405,403,809,768,766,0,196,135,70,0,0,0,1902,1736,918,0,31.74435773043662,9.667839164226889,LOW,0
LOW,Phek,NPD,NAGALAND,HF,163294,1613.75,1058,1039,1036,579,533,468,1301,1574,1525,1484,872.5,1041,1030,1031,1130,1170,4,676,655,1332,1230,1229,0,542,909,1650,0,0,0,2310,2263,2027,1,17.459333849728893,12.413193381263243,LOW,0
LOW,Tuensang(Pheren),PD,NAGALAND,HF,196801,2245.5,1208,1183,1119,1058,941,855,1369,2050,1976,1833,893.5,1108,1080,1040,1418,1189,265,752,687,1439,1357,1327,0,359,1196,1866,5,0,0,2066,2041,1275,467,35.916276998441326,6.478625616739752,LOW,0
LOW,Wokha( Kohima),PD,NAGALAND,HF,166239,1257.75,673,683,671,580,540,519,932,1230,1198,1168,486.5,646,658,626,893,728,407,514,490,1004,750,742,0,208,450,676,0,0,0,1619,1596,1291,481,20.17491552375273,7.765927369630472,LOW,0
LOW,Zunheboto,NPD,NAGALAND,HF,141014,1121.5,698,657,636,465,404,358,621,1103,1029,968,409.0,580,584,564,764,683,129,412,347,759,744,810,0,157,307,246,0,0,0,1423,1316,1116,158,32.32278198840838,7.914107819081794,LOW,0
HIGH,Anugul,NPD,ODISHA,HF,1271703,22101.25,7927,8542,9137,12798,12163,11674,20092,20687,20633,20717,16647.0,7942,8532,9141,15980,18715,0,10210,9280,19490,19459,19689,0,16134,17823,16906,216,0,3510,9134,9114,8811,0,11.814942593744698,6.928504532898011,HIGH,1
HIGH,Balangir,NPD,ODISHA,HF,1648574,29270.25,10514,11096,11786,17020,16226,15329,26027,27552,27348,27091,22178.75,10502,11095,11768,20653,25124,0,13163,12179,25343,26248,26282,0,24446,22512,22982,93,0,5739,13101,13049,12491,0,13.417206890955836,7.576851266609809,HIGH,1
HIGH,Baleshwar,NPD,ODISHA,HF,2317419,36036.5,13582,14299,15194,23009,21790,20718,34176,36472,36020,35850,32165.5,13611,14291,15193,26707,31505,1,16922,15634,32556,34089,34158,0,34262,31975,30381,59,0,1951,14498,14466,14067,0,9.658263149861945,6.070115071983098,HIGH,1
HIGH,Bargarh,NPD,ODISHA,HF,1478833,18711.0,7951,8378,8899,13006,12469,11833,15430,20952,20847,20716,13544.5,7951,8378,8898,15717,19595,0,10042,9346,19388,20241,20243,0,19099,20219,22820,39,0,2376,11541,11541,11394,0,0.0,7.704723927583439,HIGH,1
HIGH,Baudh,PD,ODISHA,HF,439917,7083.5,2843,3011,3232,4629,4504,4322,6255,7472,7498,7547,5368.0,2848,3021,3233,5756,7008,0,3720,3409,7129,7321,7326,0,6418,6997,7043,10,0,390,3323,3320,3208,0,0.0,7.2922846809739115,HIGH,1
HIGH,Bhadrak,NPD,ODISHA,HF,1506522,24585.5,9750,10362,11031,15555,14978,14347,22739,25303,25346,25392,22248.5,9737,10362,11032,19080,23575,0,12387,11280,23668,24462,24488,0,29186,28973,29219,32,0,379,10561,10536,10122,0,3.7318744788594906,6.718786715361608,HIGH,1
HIGH,Cuttack,NPD,ODISHA,HF,2618708,38010.0,13944,14629,15696,22885,21783,20934,28611,36711,36545,36684,19400.75,14093,15595,15706,27881,31086,0,17095,15403,32498,33415,33625,0,34753,35989,35447,150,0,5851,20063,20037,18654,0,14.501446987634834,7.123360069163877,HIGH,1
HIGH,Deogarh,NPD,ODISHA,HF,312164,3730.0,2015,2140,2296,3081,2998,2901,2618,5097,5136,5196,2278.75,2015,2140,2296,3966,4711,0,2505,2367,4872,4871,4871,0,5400,5494,5958,8,0,1576,2194,2182,2111,0,0.0,6.762471008828693,HIGH,1
HIGH,Dhenkanal,NPD,ODISHA,HF,1192948,18994.0,7529,7956,8408,11633,11165,10552,13543,19107,19067,18911,11876.75,7525,7953,8404,15000,16565,0,9429,8271,17701,18000,18010,0,18126,18683,20176,104,0,3647,9362,9327,8915,0,6.807412867221228,7.473083487293662,HIGH,1
HIGH,Gajapati,PD,ODISHA,HF,575880,11341.25,4374,4630,4847,6712,6422,6079,7315,11063,11036,10920,5272.25,4383,4629,4843,8326,9560,0,5401,5046,10448,9897,9894,0,5808,5043,4489,45,0,6259,7801,7757,7357,0,7.876115948418384,12.775230950892547,HIGH,1
HIGH,Ganjam,NPD,ODISHA,HF,3520151,57435.25,20184,21661,23255,34915,33403,31487,51714,55866,55811,55536,45568.25,20167,21765,23623,40829,46002,0,26715,23908,50624,49041,49204,0,47130,40080,36312,245,0,3461,23212,23061,21425,0,11.85900644638963,6.086386635118778,HIGH,1
HIGH,Jagatsinghpur,NPD,ODISHA,HF,1136604,14741.25,6084,6455,6954,9699,9352,8934,12734,15785,15814,15895,10884.0,6083,6455,6952,12408,15440,0,7934,7363,15298,15858,15924,0,13995,14600,14034,58,0,1579,11206,11204,10659,0,0.0,9.377936378897136,HIGH,1
HIGH,Jajapur,NPD,ODISHA,HF,1826275,29123.75,11554,12227,12957,18638,17569,16729,24383,30183,29791,29670,18839.0,11592,13594,12962,21922,24979,1799,14132,12957,27089,26043,26137,0,20154,20604,18438,111,0,5199,13457,13413,12786,708,6.986565947036354,7.001136192523032,HIGH,1
HIGH,Jharsuguda,NPD,ODISHA,HF,579499,7636.5,3028,3241,3479,4805,4691,4476,7011,7830,7931,7956,5619.75,3029,3241,3479,6263,7687,0,3975,3815,7790,7959,7970,0,8158,7474,7533,58,0,1073,3866,3866,3850,0,0.0,6.643669790629492,HIGH,1
HIGH,Kalahandi,NPD,ODISHA,HF,1573054,26110.0,10223,10832,11533,16499,15694,14787,17977,26689,26506,26307,15476.75,10224,10835,11539,20331,24313,0,12511,11897,24409,25777,25765,0,28690,29882,28942,50,0,3611,14292,14239,14014,0,6.514745308310991,8.908785076672512,HIGH,1
HIGH,Kandhamal,PD,ODISHA,HF,731952,14755.25,5858,6175,6445,8738,8395,8097,11466,14565,14519,14498,9371.0,5880,6166,6445,11099,12822,0,6900,6465,13366,13414,13401,0,14008,14717,13461,87,0,2040,9610,9531,9232,0,9.415292861862728,12.61284892998448,HIGH,1
HIGH,Kendrapara,NPD,ODISHA,HF,1439891,20479.5,8266,8752,9297,13730,13072,12394,16483,21952,21774,21637,14814.75,8296,8778,9328,16649,19312,0,10513,9642,20155,20309,20476,0,18719,20407,19311,93,0,5516,11153,11136,10858,0,1.5845113406089018,7.540848578121539,HIGH,1
HIGH,Keonjhar,NPD,ODISHA,HF,1802777,31521.0,13455,14191,15226,20635,19553,18677,24683,34056,33716,33858,22028.75,13453,14192,15227,25698,30474,1094,16563,15253,31816,31796,31910,0,28039,29043,26953,67,0,1326,19564,19535,18758,941,0.0,10.405058418207021,HIGH,1
HIGH,Khordha,NPD,ODISHA,HF,2246341,36170.0,12166,12952,13748,19801,19268,18464,30984,32038,32307,32288,25933.0,12092,12910,13738,24055,27877,0,15186,13807,28994,29683,29822,0,34641,32551,29867,375,0,2911,16127,16097,13363,0,19.839646115565383,5.948785157729837,HIGH,1
HIGH,Koraput,PD,ODISHA,HF,1376934,27021.5,10676,11293,11947,16600,15554,14739,19063,27074,26659,26486,16031.75,10694,11282,11941,20582,23263,0,12861,12256,25117,25050,25137,0,26706,22674,19455,143,0,1043,16379,16271,15129,0,7.048091334677942,10.987454736392593,HIGH,1
HIGH,Malkangiri,PD,ODISHA,HF,612727,14167.5,5465,5722,6022,8143,7761,7342,10546,13559,13442,13319,8914.5,5528,5744,6027,10548,13727,641,6528,6350,12878,13128,13174,0,11360,11779,10112,191,0,4562,8432,8298,7815,1212,9.101817540144697,12.754456715633554,HIGH,1
HIGH,Mayurbhanj,NPD,ODISHA,HF,2513895,43204.75,16408,17381,18581,25711,24618,23567,40394,42082,41944,42089,38510.75,16409,17392,18589,31951,38662,2261,20374,19170,39545,40003,40111,0,35177,40450,37517,80,0,1214,30580,30516,29880,2209,8.47071213234656,11.885937956835907,HIGH,1
HIGH,Nabarangapur,PD,ODISHA,HF,1218762,27548.75,10470,11039,11723,16571,15601,14647,16546,26681,26279,26013,13117.25,10470,11029,11712,20069,22072,0,12253,11690,23944,24013,23907,0,21024,21049,17925,180,0,4664,15019,14874,14323,0,13.084985707155496,11.75208941532473,HIGH,1
HIGH,Nayagarh,NPD,ODISHA,HF,962215,12708.25,5602,5969,6370,9061,8705,8412,11658,14682,14684,14870,10381.75,5610,5967,6364,11222,13751,1,7411,6405,13816,14241,14307,0,13682,14945,15013,126,0,5865,9213,9190,9006,0,0.0,9.359654547060689,HIGH,1
HIGH,Nuapada,PD,ODISHA,HF,606490,14212.25,4929,5197,5533,7838,7364,6927,10839,12706,12519,12416,9656.0,4933,5205,5533,9475,11483,0,6035,5732,11767,11830,11869,0,10192,11128,10446,58,0,1316,4976,4972,4802,0,17.205227884395505,7.917690316410822,HIGH,1
HIGH,Puri,NPD,ODISHA,HF,1697983,15963.75,9526,10111,10748,15325,14667,13914,13719,24850,24773,24662,13447.0,9526,10111,10748,18929,22007,0,11785,10822,22607,22801,23218,0,20756,20681,20340,43,0,1792,14473,14471,13228,0,0.0,7.790419574283135,HIGH,1
HIGH,Rayagada,PD,ODISHA,HF,961959,21030.75,7904,8324,8865,12278,11800,11368,15155,20085,20051,20200,12802.5,7912,8330,8875,15436,17738,0,9490,9007,18498,18897,18892,0,16143,15504,13214,50,0,5248,13425,13317,12921,0,12.043079776042225,13.431965395614574,HIGH,1
HIGH,Sambalpur,NPD,ODISHA,HF,1044410,20286.0,6079,6452,6929,9678,9388,8913,19522,15751,15843,15845,16471.0,6085,6453,6902,12183,14227,0,7727,7320,15048,15394,15413,0,16018,15930,16492,129,0,6859,9611,9610,9102,0,25.820763087843833,8.71496825959154,HIGH,1
HIGH,Sonapur,NPD,ODISHA,HF,652107,7643.25,3498,3667,3950,5947,5645,5431,7028,9443,9310,9377,6212.5,3503,3666,3949,7058,8560,0,4464,4174,8638,9051,9042,0,9606,9541,9820,36,0,1262,5113,5110,4816,0,0.0,7.38529106419652,HIGH,1
HIGH,Sundargarh,NPD,ODISHA,HF,2080664,29544.5,12049,12714,13801,19074,18410,17685,24648,31090,31169,31482,21585.5,12077,12760,13826,24070,27465,0,14874,14141,29015,29649,29644,0,31933,31540,31665,281,0,11942,15824,15758,15359,0,1.792211748379563,7.381778124675584,HIGH,1
LOW,Karaikal,NPD,PUDUCHERRY,NHF,200314,3705.25,279,265,265,2213,2172,2130,3663,2184,2141,2126,1933.75,209,203,204,1581,13,1,1088,1050,2139,2200,2195,1490,2653,2759,2683,26,0,939,1794,1792,0,0,42.27110181499224,0.0,LOW,0
LOW,Mahe,NPD,PUDUCHERRY,NHF,41934,674.5,0,0,0,708,699,703,664,703,691,695,626.75,1,0,0,455,0,0,297,265,563,644,647,533,880,744,917,2,0,434,390,388,0,0,16.53076352853966,0.0,LOW,0
LOW,Pondicherry,NPD,PUDUCHERRY,NHF,946600,36154.75,175,2,4,14522,12502,12246,36079,14589,12425,12244,35937.5,1,3,2,8445,68,0,5856,5457,11314,12088,12180,9487,10673,11111,11432,17,0,1919,5574,5432,2,0,68.70673977831404,0.0021128248468201987,LOW,0
LOW,Yanam,PD,PUDUCHERRY,NHF,55616,527.0,196,213,198,739,742,732,528,746,753,731,337.25,170,212,198,638,289,0,400,390,791,763,761,563,624,813,701,15,0,383,302,298,0,0,0.0,0.0,LOW,0
LOW,Amritsar,NPD,PUNJAB,NHF,2490891,41382.5,8630,9529,10794,29766,27600,26498,28139,37230,36179,36172,17722.75,8668,9368,10383,28953,35258,0,20161,17193,37355,35234,35202,0,32141,27757,20008,0,0,1,19939,18832,14699,0,9.732374796109466,5.901101252523695,LOW,0
LOW,Barnala,PD,PUNJAB,NHF,596294,8104.5,1662,1860,2063,6361,6018,5985,6547,7932,7840,7971,6210.0,1664,1862,2064,6061,7758,0,4016,3562,7578,7681,7733,0,7009,6966,5680,2,0,3,5328,5154,4824,0,6.496390893947806,8.08996904211681,LOW,0
LOW,Bathinda,NPD,PUNJAB,NHF,1388859,19376.25,4732,4952,5428,15398,14263,13740,15289,20090,19166,19116,13399.25,4676,4944,5378,15230,18991,0,10670,9083,19753,19018,19026,0,15004,11271,8898,0,0,7,9380,9110,8059,0,0.0,5.802604872056846,LOW,0
LOW,Faridkot,NPD,PUNJAB,NHF,618008,9592.5,1940,2217,2366,7227,6809,6550,8292,9154,9016,8910,6956.0,1841,2142,2335,6906,8522,0,4775,4128,8904,8573,8581,5,7591,6857,5749,1,0,222,4434,4309,3734,0,7.177482408131352,6.041992983909593,LOW,0
LOW,Fatehgarh Sahib,NPD,PUNJAB,NHF,599814,7782.75,2246,2450,2652,6352,6091,6041,5638,8587,8541,8685,4204.0,2256,2457,2650,6437,8264,0,4528,3937,8465,8281,8277,6,8019,6493,4620,1,0,25,5079,4952,4057,0,0.0,6.7637634333309995,LOW,0
LOW,Fazilka,NPD,PUNJAB,NHF,1063737,13931.5,3608,3968,4211,11166,10457,9909,10777,14721,14393,14091,9908.25,3506,3880,4119,11055,13361,1,7411,6469,13880,13438,13430,3,9582,6657,5401,0,0,0,9419,8873,8270,0,0.3696658651257941,7.7744780899790085,LOW,0
LOW,Firozpur,NPD,PUNJAB,NHF,2026831,13923.5,3822,4188,4443,11465,10633,10070,8930,15031,14721,14441,6734.25,3773,4095,4356,10961,13730,0,7659,6464,14123,13705,13738,1,11908,10309,7396,0,0,0,7914,7570,6376,0,0.0,3.145797552928685,LOW,0
LOW,Gurdaspur,PD,PUNJAB,NHF,2299026,22697.75,5648,6242,6868,18452,17721,17140,21299,24006,23963,24008,11907.0,5624,6217,6848,18852,24419,0,13381,10846,24228,24438,24459,0,24563,19023,11778,1,0,1,12478,12391,11395,0,0.0,4.956446773546711,LOW,0
LOW,Hoshiarpur,NPD,PUNJAB,NHF,1582793,23727.75,4957,5420,5933,17777,17032,16380,21878,22606,22394,22202,16726.0,5144,5546,5987,17384,22150,0,12121,10660,22781,22280,22260,3,24598,20890,16756,3,0,413,12152,12052,10617,0,3.9900538399131817,6.707762796524877,LOW,0
LOW,Jalandhar,NPD,PUNJAB,NHF,2181753,38477.0,7023,7930,8678,25361,24551,24085,33212,32383,32481,32765,26667.25,6970,7929,8683,24940,31919,0,17434,15423,32857,31872,31871,0,28233,28636,24034,3,0,139,13727,13518,11098,0,14.606128336408764,5.086735299550408,LOW,0
LOW,Kapurthala,NPD,PUNJAB,NHF,817668,11316.0,2589,2893,3095,9448,9007,8814,8812,12018,11895,11907,8353.5,2583,2892,3093,9516,11848,0,6785,5744,12529,11811,11876,21,12133,9511,6014,1,0,109,6308,6218,5622,1,0.0,6.875651242313506,LOW,0
LOW,Ludhiana,NPD,PUNJAB,NHF,3487882,59581.5,14190,16189,17533,44099,41947,40077,45519,57685,58012,57600,33296.5,14160,15895,17110,42417,54410,0,29865,27152,57018,54661,54660,0,51152,40893,32535,2,0,33,20210,19317,16360,0,4.302510007300924,4.690525654250918,LOW,0
LOW,Mansa,PD,PUNJAB,NHF,768808,12528.0,2415,2662,2930,8830,8256,8101,10322,11068,10803,10944,8251.5,2498,2658,2939,8734,10493,0,6119,5220,11339,11008,11040,909,7989,6247,4323,6,0,0,5090,4963,4676,0,9.49074074074074,6.0821427456530115,LOW,0
LOW,Moga,NPD,PUNJAB,NHF,992289,15929.0,3818,4085,4413,11043,10313,9954,13272,14496,14164,14175,12741.75,3817,4081,4415,11654,14157,1,7940,7064,15005,13926,14019,2,12154,12002,9869,0,0,42,7682,7409,7099,0,5.8007407872433925,7.154165772269974,LOW,0
LOW,Mohali SAS Nagar,NPD,PUNJAB,NHF,994628,12547.0,3677,4062,4386,13569,12933,12764,11881,17244,16993,17117,8407.25,3630,3992,4301,14444,15350,0,9361,8071,17433,16421,16315,1,15442,11462,8003,0,0,7,7438,7356,5879,0,0.0,5.910752562767185,LOW,0
LOW,Muktsar,PD,PUNJAB,NHF,902702,13757.75,3268,3679,3980,10168,9568,9211,9795,13435,13245,13190,6960.25,3268,3686,3977,10597,12791,0,7000,6041,13041,12711,12796,0,8557,6609,4521,0,0,7,6588,6479,5924,0,5.209790845160001,6.562520078608444,LOW,0
LOW,Nawanshahr,NPD,PUNJAB,NHF,612310,8627.75,1977,2213,2429,6771,6464,6321,7811,8669,8656,8702,6473.0,1958,2191,2403,6805,8712,0,4664,4201,8865,8682,8724,0,10639,9019,8042,0,0,3,5567,5481,4951,0,0.0,8.0857735460796,LOW,0
LOW,Pathankot,NPD,PUNJAB,NHF,676598,11715.0,2085,2252,2460,7502,7146,6857,9935,9571,9399,9318,7207.0,2089,2260,2468,7114,9296,0,5160,4303,9463,9294,9296,0,9101,7082,4223,4,0,43,4321,4291,3795,0,19.223218096457533,5.608943567672385,LOW,0
LOW,Patiala,NPD,PUNJAB,NHF,1892282,33587.75,5915,6497,8071,22515,21295,22419,28805,28043,27598,30254,24893.5,5944,6520,8097,22955,28010,2,16088,14002,30090,28043,28041,9,28844,27986,24247,2,0,14,12254,12136,10944,0,10.41376692395293,5.783493157996536,LOW,0
LOW,Rupnagar,NPD,PUNJAB,NHF,683349,10676.75,2696,2888,3156,8461,8179,8048,10315,11153,11067,11203,5628.0,2699,2889,3156,8497,10899,0,5947,5222,11169,10893,10893,0,10594,9354,8369,4,0,138,5231,5142,4442,0,0.0,6.500338772720821,LOW,0
LOW,Sangrur,PD,PUNJAB,NHF,1654408,24349.0,5299,5702,6222,17576,16681,16449,17009,22694,22473,22606,16639.75,5285,5672,6222,17500,21766,0,12468,10393,22862,21797,21825,36,20172,18700,15740,1,0,17,11630,11421,10545,0,6.107026982627623,6.373881170787375,LOW,0
LOW,Tarn Taran,NPD,PUNJAB,NHF,1120070,16938.5,3614,4036,4404,12910,12436,12100,14521,16510,16450,16238,8564.75,3615,4043,4406,12913,16395,0,9233,7621,16854,16321,16389,0,16498,12644,9553,0,0,3,8490,8343,8016,0,0.4988635357322077,7.156695563670128,LOW,0
HIGH,Ajmer,NPD,RAJASTHAN,HF,2584913,63856.5,8827,9608,10811,44933,42505,40705,50395,53549,51737,50875,46678.25,8769,9538,10610,41652,40117,0,27592,26450,54042,45772,45714,3485,35405,35034,31772,0,1,0,27283,26791,17834,0,15.369617814944444,6.8992650816487835,HIGH,1
HIGH,Alwar,NPD,RAJASTHAN,HF,3671999,74590.5,10748,12391,13756,64083,59268,56368,51048,73998,70794,69010,47853.5,11299,12332,13479,51728,56295,0,34835,32329,67164,58960,58726,0,63166,61318,52452,1,0,1,39324,36403,26610,0,9.956361735073502,7.246733999655229,HIGH,1
HIGH,Banswara,PD,RAJASTHAN,HF,1798194,43649.0,6363,7199,8095,37957,36084,34976,39964,43538,43158,43050,38445.75,6429,7228,8139,31724,32683,0,21494,20476,41970,37595,37517,3082,37062,37100,31519,0,0,28,25858,24616,19952,0,3.8465944236981375,11.095577006707842,HIGH,1
HIGH,Baran,NPD,RAJASTHAN,HF,1223921,22846.0,3276,3891,4361,19658,18081,17692,21432,22839,21931,21987,19954.25,3263,3900,4353,18420,16969,0,12348,11511,23859,19215,19187,2448,8211,9224,8248,0,0,1,17297,16888,12895,0,0.0,10.5358107263459,HIGH,1
HIGH,Barmer,PD,RAJASTHAN,HF,2604453,72461.75,9474,10957,12046,57303,53072,51052,32560,66024,63151,62375,27609.75,9683,10806,11861,47217,45495,0,32046,31136,63183,49750,49575,2963,32577,32510,24166,34,0,20,31337,30134,17067,0,12.805031620130622,6.553007483721149,HIGH,1
HIGH,Bharatpur,NPD,RAJASTHAN,HF,2549121,51617.0,7863,8871,10303,46325,43865,42927,43541,54117,52700,53125,36636.5,7820,8860,10275,38404,34128,0,25847,23755,49602,38838,38751,4201,13661,14286,11903,3,0,3,26204,25413,19406,0,3.903752639634229,7.612820262357102,HIGH,1
HIGH,Bhilwara,NPD,RAJASTHAN,HF,2410459,46665.75,6833,7844,8837,40502,38790,37667,34946,47227,46365,46321,32709.5,6840,7674,8695,35528,38531,0,23963,22177,46140,42948,42834,4384,38960,38536,36151,0,0,0,29628,28753,18497,0,1.126629273075007,7.67364223992194,HIGH,1
HIGH,Bikaner,NPD,RAJASTHAN,HF,2367745,57766.75,8523,9766,10547,44950,41683,40012,32365,52764,50776,49543,24074.75,8591,9709,10425,38832,35113,0,26322,25176,51498,38393,38360,2039,24250,21785,21468,0,0,31,19387,18400,10362,0,10.851830854254393,4.376315861716527,HIGH,1
HIGH,Bundi,PD,RAJASTHAN,HF,1113725,18846.5,3416,3917,4492,19099,18182,17561,17292,22511,22093,22063,15612.0,3494,3932,4494,17701,18273,0,11898,10985,22884,19650,19623,2259,14301,14949,14110,0,0,1,16619,16272,12132,0,0.0,10.893173808615233,HIGH,1
HIGH,Chittaurgarh,NPD,RAJASTHAN,HF,1544392,26912.25,4127,4809,5505,24715,23796,23484,21455,28974,28564,28860,18849.5,4113,4814,5483,21164,22122,0,14571,13654,28225,24846,24856,2566,21396,20208,19129,12,0,2,19020,18004,12876,0,0.0,8.33726152427622,HIGH,1
HIGH,Churu,NPD,RAJASTHAN,HF,2041172,41981.5,6446,7326,8165,36579,34759,33481,22340,42926,41965,41510,21448.5,6646,7394,8187,31060,34303,0,20861,19995,40856,35305,35366,1344,36544,35451,31178,2,0,1,18869,18839,14815,0,2.6809427962316734,7.2580850609355805,HIGH,1
HIGH,Dausa,NPD,RAJASTHAN,HF,1637226,30062.75,4594,5193,5812,27020,25283,24226,19646,31794,30344,29928,17222.25,4730,5153,5791,22731,20487,0,15615,14708,30323,23455,23443,1656,17451,15396,13507,3,0,6,14767,14104,11883,0,0.0,7.258008362926071,HIGH,1
HIGH,Dhaulpur,PD,RAJASTHAN,HF,1207293,29273.5,3909,4643,5538,25566,23725,22500,25011,29054,27898,27705,22485.5,4297,4872,5548,20448,20694,0,13619,12692,26312,23215,23153,2174,13674,11886,11804,1,0,0,12638,12231,8048,0,10.11665841119101,6.666153121073344,HIGH,1
HIGH,Dungarpur,PD,RAJASTHAN,HF,1388906,33562.75,4743,5414,6049,27136,26101,25294,20122,31511,31216,31280,17890.5,4789,5437,6038,23604,25088,0,15869,14877,30747,28007,27983,1856,25334,26882,23988,21,0,139,17403,17104,15413,0,8.389509202910965,11.097223282209164,HIGH,1
HIGH,Ganganagar,NPD,RAJASTHAN,HF,1969520,38729.25,6206,6932,7938,32125,30304,29174,21621,38297,37221,37098,18517.75,6267,6948,7945,29992,27137,0,20164,18751,38915,28252,28258,3061,21707,20145,18542,0,0,0,19590,19341,14214,0,0.0,7.2169868800519925,HIGH,1
HIGH,Hanumangarh,NPD,RAJASTHAN,HF,1779650,41062.25,7130,7602,8121,33635,32536,31622,29387,40831,40080,39687,27109.0,7117,7591,8120,30120,31959,0,20265,18757,39022,33181,33182,1204,25474,20898,19621,17,0,9,16007,15426,12431,0,4.968675608375089,6.985081336217796,HIGH,1
HIGH,Jaipur,NPD,RAJASTHAN,HF,6663971,141627.75,24702,27372,28875,101231,94616,90678,115606,129302,124218,121253,103648.25,24998,24876,27622,93633,91159,0,63647,58637,122285,96697,96074,1503,72680,64462,57661,20,0,13,52038,49806,36802,0,13.657457666311865,5.522533036233201,HIGH,1
HIGH,Jaisalmer,PD,RAJASTHAN,HF,672008,17730.25,2345,2498,2738,13888,12903,12273,11622,15949,15196,14664,9149.25,2310,2506,2708,11151,10654,0,7493,6789,14282,11197,11159,118,5677,5632,4576,12,0,7,5753,5274,2743,0,19.448400332764628,4.0817966452780325,HIGH,1
HIGH,Jalor,PD,RAJASTHAN,HF,1830151,47285.5,6190,7015,8104,37983,35677,34795,26716,44112,42670,42848,21438.0,6186,6996,8073,32345,28035,0,21647,20330,41977,31187,31120,3196,26288,25070,22919,5,0,1,14855,14437,8649,0,11.22648592063106,4.725839561872217,HIGH,1
HIGH,Jhalawar,NPD,RAJASTHAN,HF,1411327,29095.75,4166,4905,5649,24349,23396,22610,27827,28453,28237,28187,24559.25,4209,4910,5630,21671,22295,0,15041,13710,28751,24931,24919,2219,13129,15450,12399,3,0,7,19147,18508,13312,0,1.1848809534038476,9.432257726239206,HIGH,1
HIGH,Jhunjhunun,NPD,RAJASTHAN,HF,2139658,39911.75,5909,6514,7466,33531,32469,31670,21721,39314,38975,39024,20224.25,5877,6574,7516,28883,33961,0,20192,17710,37902,34035,34069,111,39399,42050,43135,5,0,0,23602,23327,17513,0,5.035484537761436,8.184952922382923,HIGH,1
HIGH,Jodhpur,NPD,RAJASTHAN,HF,3685681,88373.25,11547,12967,14519,65184,60850,58133,59708,77436,73274,71575,42090.75,12192,12903,14334,55560,51413,0,36621,34395,71016,55441,55382,2682,31208,31040,26415,9,0,2,34319,33322,19216,0,19.64084154424557,5.2136904957319965,HIGH,1
HIGH,Karauli,PD,RAJASTHAN,HF,1458459,30469.0,4743,5458,6192,28300,26472,25415,21690,33134,31976,31602,20409.5,4522,5327,6081,24594,23736,0,16873,15359,32233,26308,26291,2271,12401,9876,7596,1,0,0,16459,16272,11904,0,0.0,8.162039522537142,HIGH,1
HIGH,Kota,NPD,RAJASTHAN,HF,1950491,38831.0,6056,6763,7637,32874,30975,29748,33847,38672,37607,37288,28204.0,5654,6364,7076,27889,28793,0,19221,17475,36697,28819,28838,0,20164,18461,17470,6,0,14,23516,22398,12343,0,5.495609178233885,6.328150193976798,HIGH,1
HIGH,Nagaur,NPD,RAJASTHAN,HF,3309234,71754.0,9622,10793,12157,55539,52054,50877,38080,64344,62033,61897,32598.75,10058,10930,12235,47220,47299,0,31441,29999,61440,53011,52740,5617,50586,54709,46310,0,0,1303,28512,27596,21294,0,14.374111547788276,6.434721751317676,HIGH,1
HIGH,Pali,NPD,RAJASTHAN,HF,2038533,45050.25,5882,6692,7779,38047,36083,35187,28032,43708,42685,42644,24439.75,6101,6826,7796,34025,32722,0,22751,21201,43953,34305,34261,1770,21585,25332,23616,26,1,47,27757,26513,16667,0,2.435613564852581,8.175977528938702,HIGH,1
HIGH,Pratapgarh,NPD,RAJASTHAN,HF,868231,17470.0,2520,2919,3258,15392,14591,13993,15741,17795,17400,17096,15270.25,2529,2896,3262,12930,13391,0,8524,8383,16908,14430,14424,551,10403,10101,9073,9,0,10,12489,11813,9134,0,3.2169433314253,10.52024173290288,HIGH,1
HIGH,Rajsamand,PD,RAJASTHAN,HF,1158283,24361.25,4233,4910,5396,26233,24457,23349,15867,30248,29085,28296,14548.75,4253,4923,5381,21382,22880,0,14749,13589,28338,24372,24383,1131,18858,14920,12759,7,0,11,15785,14955,10424,0,0.0,8.999527749263349,HIGH,1
HIGH,Sawai Madhopur,NPD,RAJASTHAN,HF,1338114,32963.0,4278,4869,5665,25264,24131,23903,24430,29265,28801,29209,21090.5,4541,4984,5590,21935,21156,0,15462,13797,29260,24182,24053,2069,13538,11347,10092,9,0,39,15023,14520,9526,0,11.233807602463369,7.118974915440687,HIGH,1
HIGH,Sikar,NPD,RAJASTHAN,HF,2677737,48160.0,7101,8022,9385,41486,39845,38860,27935,48541,47860,48282,25797.75,7093,8021,9396,36152,37835,0,25538,22783,48322,41344,41344,4137,33585,34589,33026,21,0,49,23524,23516,19803,0,0.0,7.395423822429163,HIGH,1
HIGH,Sirohi,NPD,RAJASTHAN,HF,1037185,25998.0,3782,4276,4899,20778,19903,19331,13507,24399,24125,24180,12587.75,3806,4308,4936,17700,15699,0,11670,11229,22900,18209,18177,1127,13836,13256,9982,9,0,2,14051,13579,6400,0,11.916301253942612,6.170548166431254,HIGH,1
HIGH,Tonk,NPD,RAJASTHAN,HF,1421711,26349.0,4024,4620,5372,23486,22243,21708,18924,27508,26865,27082,15988.25,4003,4609,5355,20157,22528,0,13752,12873,26625,23934,23935,1689,18828,19488,17613,3,0,0,17371,16923,12426,0,0.0,8.740172932473618,HIGH,1
HIGH,Udaipur,PD,RAJASTHAN,HF,3067549,76675.5,10490,12594,15651,64691,61842,60123,53417,73794,73227,73996,42922.0,11132,12443,15379,57248,51171,0,39182,35496,74678,58460,58582,4381,41262,47594,43758,6,0,3,35400,34535,25412,0,2.605134625793115,8.284138248484377,HIGH,1
LOW,East,NPD,SIKKIM,HF,281293,4885.0,1265,1330,1419,2474,2375,2339,4785,3709,3711,3768,4410.75,1261,1329,1414,2859,3,0,1967,1805,3773,3855,4071,3701,3709,4094,3659,3,1,161,3740,3691,2913,2,22.76356192425793,10.355750054213933,LOW,0
LOW,North,NPD,SIKKIM,HF,43354,218.0,196,221,231,311,302,290,207,511,524,521,192.25,196,220,233,433,0,0,252,254,506,531,531,507,598,749,651,0,0,10,1254,1195,1160,0,0.0,26.75646999123495,LOW,0
LOW,South,NPD,SIKKIM,HF,146742,1395.75,683,709,783,1078,1047,1008,1223,1744,1747,1785,1168.0,687,709,779,1387,30,0,903,876,1779,1837,1836,1776,1980,2400,2485,0,0,13,1419,1416,1364,0,0.0,9.295225634106119,LOW,0
LOW,West,PD,SIKKIM,HF,136299,1040.0,690,731,777,1045,1008,977,969,1712,1735,1747,900.5,690,732,778,1364,15,0,893,852,1745,1778,1777,1677,1954,2365,1909,0,0,58,2386,2361,2192,0,0.0,16.08228967197118,LOW,0
LOW,Ariyalur,NPD,TAMIL NADU,NHF,752481,10650.75,0,0,0,10644,10710,10650,10651,10794,10811,10751,10708.75,0,0,0,8298,5977,5360,5067,4730,9797,10517,10495,187,8550,8719,7723,2,0,51,6422,6143,116,9927,8.01586742717649,0.15415671624931396,LOW,0
LOW,Chennai,NPD,TAMIL NADU,NHF,4681087,74606.25,0,0,0,76834,77572,77940,75643,76835,77652,77979,67696.25,0,0,0,56372,55031,894,37829,36327,74156,77068,76970,14744,92987,68994,62736,15,1,253,24843,24249,665,1646,0.6035017173494177,0.14206102129697654,LOW,0
LOW,Coimbatore,NPD,TAMIL NADU,NHF,3472578,45014.5,0,0,0,45132,44964,45035,44675,45427,45331,45231,43572.25,0,0,0,33718,23485,36,20983,19611,40594,44626,44694,16942,43631,43121,42251,7,0,25,21374,20885,1111,62,9.820169056637305,0.3199352181578067,LOW,0
LOW,Cuddalore,NPD,TAMIL NADU,NHF,2600880,31779.25,0,0,0,34163,33909,33432,31601,34428,34160,33667,30471.75,15,18,15,24877,18292,16873,15850,14391,30242,32571,32572,1026,29702,28217,27614,10,0,209,19953,19091,355,31859,4.837275895434915,0.13649226415674695,LOW,0
LOW,Dharmapuri,NPD,TAMIL NADU,NHF,1502900,24167.5,9,7,7,24376,24404,24335,24137,24461,24473,24398,23996.25,2,2,3,18371,17293,116,12260,11054,23314,24203,24189,342,25799,24669,24713,0,0,0,12009,11760,741,17,3.531602358539361,0.49304677623261695,LOW,0
LOW,Dindigul,NPD,TAMIL NADU,NHF,2161367,27056.0,0,0,0,26997,26919,26927,26907,27119,27080,27142,24195.25,0,0,0,20715,15912,13,12713,11981,24695,27075,27097,1116,24226,23075,21966,0,0,5,17311,16753,828,50,8.726345357776463,0.3830908864621325,LOW,0
LOW,Erode,NPD,TAMIL NADU,NHF,2259608,25773.0,0,0,0,25981,26012,25979,25740,26054,26046,26001,25439.0,0,0,0,19176,16032,4,13226,11827,25054,25930,25955,519,26977,26187,26353,19,0,464,19463,19359,518,10,2.7897412020331354,0.2292433023781116,LOW,0
LOW,Kancheepuram,NPD,TAMIL NADU,NHF,3990897,43037.5,0,0,0,44294,44347,44309,42990,44534,44784,44613,40933.75,0,0,0,34011,32081,36,21203,19271,40475,46944,46799,1844,65125,54070,52405,12,1,147,24097,23787,375,27,5.954109787975603,0.09396383820479456,LOW,0
LOW,Kanniyakumari,NPD,TAMIL NADU,NHF,1863174,22749.5,0,0,0,22086,22080,21983,22864,22415,22430,22250,21835.0,0,0,0,17201,10382,3,10683,10172,20855,22776,23166,665,27429,22204,23030,9,0,2,16661,14972,516,10,8.327655552869293,0.2769467585958155,LOW,0
LOW,Karur,NPD,TAMIL NADU,NHF,1076588,12149.25,0,0,0,12570,12551,12529,12115,12641,12610,12599,11885.75,0,0,0,9627,6292,7389,9695,8890,18585,11765,11742,296,12022,13065,12081,0,0,1,8871,9199,13,11044,0.0,0.01207518567920133,LOW,0
LOW,Krishnagiri,PD,TAMIL NADU,NHF,1883731,24671.0,0,0,0,25359,25215,25393,24695,25454,25342,25503,21643.0,0,0,0,18259,11148,24,12606,11022,23628,24420,24580,593,24719,23613,21057,17,0,43,13491,13725,1265,19,4.227635685622796,0.6715396200412904,LOW,0
LOW,Madurai,PD,TAMIL NADU,NHF,3041038,46027.5,0,0,0,47054,46961,47036,45912,47142,47083,47124,43180.0,2,0,0,34423,30304,31040,22436,20485,42921,46886,46957,4727,46897,34918,32299,1,0,20,21545,20717,109,45664,6.749226006191951,0.03584302465145125,LOW,0
LOW,Nagapattinam,NPD,TAMIL NADU,NHF,1614069,19054.5,0,0,0,19549,19603,19579,19026,19613,19696,19687,17879.25,0,1,1,14956,10499,39,9245,8451,17696,19688,19711,238,17222,17917,17350,20,0,204,14813,14239,257,12,7.129549450261092,0.15922491541563588,LOW,0
LOW,Namakkal,NPD,TAMIL NADU,NHF,1721179,18140.25,0,0,0,19055,19068,19007,18119,19050,19070,19172,18034.25,0,0,0,13939,10074,11,9929,8788,18718,18806,18847,848,22701,23376,24774,14,0,408,16020,15826,205,5,0.0,0.11910440459708141,LOW,0
LOW,Nilgiris,NPD,TAMIL NADU,NHF,735071,6819.25,0,0,0,7263,7308,7450,6429,7337,7344,7525,6102.25,0,0,0,5839,4710,4,3606,3223,6829,8016,8026,291,9940,11162,9707,27,0,263,10300,9920,4896,6,0.0,6.660581086724956,LOW,0
LOW,Perambalur,NPD,TAMIL NADU,NHF,564511,7584.5,0,0,0,7969,7897,7899,7577,7969,7897,7897,7147.25,0,0,0,5861,5749,6283,4206,3822,8028,7959,7986,0,7354,7924,8529,0,0,0,4856,4715,303,7922,0.0,0.5367477338794107,LOW,0
LOW,Pudukkottai,NPD,TAMIL NADU,NHF,1618725,22728.25,0,0,0,23490,23318,23368,22579,23501,23377,23398,20982.25,0,0,0,17871,16698,18075,12349,11102,23452,23961,24094,374,22263,23484,22677,42,0,466,14142,13970,615,23275,0.0,0.37992864754668026,LOW,0
LOW,Ramanathapuram,NPD,TAMIL NADU,NHF,1337560,17797.25,0,0,0,18255,18171,18236,17835,18332,18278,18319,16393.0,0,0,0,13498,11657,370,8491,8181,16672,18814,18798,843,19425,19684,20124,7,0,307,14891,14469,628,17,6.322606020593069,0.4695116480756003,LOW,0
LOW,Salem,NPD,TAMIL NADU,NHF,3480008,50253.0,0,0,0,50657,50409,50730,49550,50643,50433,50761,41232.75,0,0,0,36624,24972,19,25073,22710,47783,49132,49389,2940,49999,47660,48015,39,0,357,26826,26905,977,16,4.915129445008258,0.2807464810425723,LOW,0
LOW,Sivaganga,NPD,TAMIL NADU,NHF,1341250,16866.75,0,0,0,17929,17868,17870,16740,18119,18058,18039,14841.75,0,0,0,13068,9227,19,8287,7562,15850,17930,17945,452,18634,13838,13145,1,0,2,13866,13860,1975,8,6.028132272073754,1.4725069897483691,LOW,0
LOW,Thanjavur,NPD,TAMIL NADU,NHF,2402781,30060.25,0,0,0,30673,30523,30484,30010,30771,30632,30553,29582.0,0,0,0,24027,17901,18661,14574,13718,28292,30205,30217,1036,29681,30083,30212,1,0,4,19294,18561,325,29939,5.88235294117647,0.13525993421789168,LOW,0
LOW,Theni,NPD,TAMIL NADU,NHF,1243684,15394.25,0,0,0,15393,15242,15265,15387,15504,15318,15366,13946.25,0,0,0,11494,8350,6,7335,6591,13926,14904,14881,378,14292,14843,16124,6,0,11,9593,9182,221,2,9.537652045406563,0.17769787180666471,LOW,0
LOW,Thiruvallur,NPD,TAMIL NADU,NHF,3725697,32672.25,0,0,0,33527,33441,33542,32657,33585,33533,33610,31483.75,3,2,2,26018,22884,22379,17049,15817,32867,35794,35800,1677,44713,39409,36044,0,1,4,17986,17735,188,32866,0.0,0.05046035681377203,LOW,0
LOW,Thiruvarur,NPD,TAMIL NADU,NHF,1268094,16163.75,0,0,0,16667,16643,16701,16098,16788,16665,16771,16297.75,0,0,0,12521,10224,10318,7928,7480,15409,17108,17154,353,15869,16455,17447,25,0,23,12455,11925,98,16686,4.669399118397649,0.07728133718793717,LOW,0
LOW,Tiruchirappalli(Trichy),PD,TAMIL NADU,NHF,2713858,34316.25,2,0,1,35640,35810,35751,34670,36174,36348,36385,33079.25,0,0,0,29061,21657,24255,17313,15954,33267,36491,36594,2821,39802,39750,39198,10,0,228,19380,18882,985,36209,3.057589334498962,0.36295193042524704,LOW,0
LOW,Tirunelveli,PD,TAMIL NADU,NHF,3072880,39398.5,0,0,0,39380,38981,38819,39372,39601,39277,39090,37695.5,0,0,0,29670,22856,2,18707,17513,36221,38530,38640,1217,36249,34969,33639,75,0,335,22579,21546,1039,36,8.065027856390472,0.3381192887454115,LOW,0
LOW,Tirupur,NPD,TAMIL NADU,NHF,2471222,29497.25,0,0,0,29271,29277,29240,29489,29205,29217,29178,29024.5,0,0,0,21609,21368,0,14763,13632,28395,28877,28890,46,35183,29477,27015,5,0,62,16425,16256,102,0,3.7367890227055063,0.0412751262330944,LOW,0
LOW,Tiruvanamalai,PD,TAMIL NADU,NHF,2468965,33619.5,0,0,0,36730,36679,36659,33492,36852,36763,36765,32379.25,0,0,0,27727,23203,24614,17668,16566,34235,36546,36570,635,34920,34387,33120,1,0,21,24053,23815,1182,36129,0.0,0.4787431170551223,LOW,0
LOW,Toothukudi,NPD,TAMIL NADU,NHF,1738376,20946.5,0,0,0,21057,21039,20991,20774,21109,21181,21108,20572.75,0,0,0,15970,11368,12,9958,9411,19370,20928,20951,1047,18021,18703,20291,1,0,0,14354,14364,890,22,7.5263170458071755,0.5119720934941578,LOW,0
LOW,Vellore,PD,TAMIL NADU,NHF,3928106,50438.25,0,0,0,53694,53270,52923,50657,53939,53461,53318,48675.25,0,0,0,39660,25718,11,25434,23500,48934,51705,51841,1637,55580,47127,48190,4,0,41,27642,27279,1469,47,2.98235961794868,0.3739715781600598,LOW,0
LOW,Viluppuram,NPD,TAMIL NADU,NHF,3463284,50961.75,11,9,8,51958,51608,51468,50918,52102,51694,51563,49807.0,1,1,1,38830,26030,26395,26365,23367,49732,52594,52655,1220,44457,52145,50890,2,0,143,32113,31758,2424,51353,2.4130843230462062,0.6999137235063599,LOW,0
LOW,Virudhunagar,PD,TAMIL NADU,NHF,1943309,22709.5,0,0,0,22387,22342,22370,22707,22471,22481,22481,21569.75,0,0,0,16945,16296,15555,10651,10517,21168,22358,22311,949,23112,24409,25720,17,0,253,14628,14288,30,21724,6.78790814416874,0.015437586096704127,LOW,0
LOW,Adilabad,PD,TELANGANA,NHF,2737738,42189.0,15777,16524,17681,26004,25607,18142,38089,40633,41249,34724,24396.5,15501,16201,17528,36785,22714,20445,26807,25200,52007,39483,39327,4505,32017,33714,31809,0,0,1,35333,35025,28533,19550,0.0,10.422107593933386,LOW,0
LOW,Hyderabad,NPD,TELANGANA,NHF,4010238,108958.0,28098,28378,29948,57998,53093,50613,93101,82019,110124,77259,52981.0,27485,27466,28912,61852,46159,506,42433,40711,83145,72563,70147,34659,43495,58585,57635,7,0,14,16105,15526,12743,147,23.690779933552378,3.1776168895711425,LOW,0
LOW,Karim Nagar,NPD,TELANGANA,NHF,3811738,35225.25,20146,20684,21654,35940,34458,34589,34508,54742,54327,56488,32194.5,20000,23944,22716,48239,28388,2581,24986,23266,48252,50870,50350,8574,39039,35282,31222,26,0,28,29350,29125,26278,27869,0.0,6.893968053418152,LOW,0
LOW,Khammam,NPD,TELANGANA,NHF,2798214,43709.25,13704,14352,15844,27360,26610,27221,30347,40252,40408,42404,22740.0,13672,14361,15925,35238,33310,32002,21587,20123,41710,39827,39832,1129,39424,43850,44856,23,0,12,29749,32201,26410,33224,4.573974616356949,9.438163056864129,LOW,0
LOW,Mahbubnagar,PD,TELANGANA,NHF,4042191,74852.25,26624,27302,29209,45207,43441,42600,55268,71872,70758,71315,30940.5,27350,27250,29039,60497,46113,33488,33821,30712,64534,62483,62286,4603,38040,40404,35920,32,1,28,54964,52779,43755,44942,13.784822767518678,10.824575088114342,LOW,0
LOW,Medak,NPD,TELANGANA,NHF,3031877,38492.0,16959,17394,18546,35033,34976,34467,30643,49869,49297,48709,20736.5,12056,17240,18240,40185,17961,16821,21580,20276,41856,45448,45184,11591,30028,26891,25060,32,0,26,32950,32755,23954,22245,0.0,7.9007162889523554,LOW,0
LOW,Nalgonda,NPD,TELANGANA,NHF,3483648,52940.75,18771,19371,20887,34121,33193,33060,50662,50285,50568,51562,41478.75,19089,19844,21158,43285,39849,26925,28976,26155,55132,51111,51256,2256,45781,50193,50136,0,0,0,54441,53385,39061,36617,0.0,11.212671314667842,LOW,0
LOW,Nizamabad,NPD,TELANGANA,NHF,2552073,46859.25,15812,16107,16769,30013,29142,29265,40419,42223,42003,42432,32313.0,16564,17071,19775,35414,33925,14604,23756,22497,46254,42712,42488,1673,30076,26250,24978,19,0,23,30777,30649,23229,31398,1.2916339890203108,9.102012364066388,LOW,0
LOW,Ranga Reddy,NPD,TELANGANA,NHF,5296396,85209.25,32547,35142,37774,74269,73535,74122,79394,104591,107037,109805,55286.5,32410,35114,37490,85631,43484,1450,52700,48594,101295,96830,96214,9767,83640,85325,84991,0,0,0,45112,42871,28766,1109,0.0,5.43124041329236,LOW,0
LOW,Warangal,NPD,TELANGANA,NHF,3522644,41429.0,18130,19005,20337,33420,30946,30399,37613,49694,48772,49497,21545.25,17973,18839,20105,41863,25940,22624,24809,22845,47655,45997,45621,4333,38931,46233,47926,7,0,2,42100,41408,33018,23384,0.0,9.37307318025892,LOW,0
LOW,Dhalai,PD,TRIPURA,HF,377988,5858.0,3014,3018,2989,3891,3336,2920,2223,6763,6232,5807,1754.5,2602,2558,2558,4419,3422,1906,2742,2543,5286,3929,3939,3,2240,1612,1199,0,0,1,5599,5416,5369,447,9.764424718333903,14.204154629247489,LOW,0
LOW,Gomati,NPD,TRIPURA,HF,767440,6351.25,2721,2933,3026,3625,3267,2944,4521,6328,6174,5958,4726.25,2723,2920,3014,4518,4791,161,2812,2609,5422,4921,4921,0,3314,3233,3440,3,0,0,3634,3524,3466,885,14.630978153906712,4.5163139789429785,LOW,0
LOW,Khowai,NPD,TRIPURA,HF,371722,3374.5,1913,2043,2157,2586,2336,2135,1748,4434,4342,4270,1757.5,1663,2039,2193,3639,3560,512,2376,2230,4606,3730,3747,0,2513,1875,1259,3,0,2,3022,3014,3014,831,0.0,8.108209898795337,LOW,0
LOW,North Tripura,NPD,TRIPURA,HF,693281,5776.5,3071,3039,2951,4139,3411,2852,2124,7082,6343,5705,1489.0,2898,2872,2832,4575,3839,228,2509,2377,4886,4256,4228,0,2328,1359,1006,1,0,2,5385,4944,4904,325,15.41590928763092,7.073610844664717,LOW,0
LOW,Sipahijala,NPD,TRIPURA,HF,517429,5327.5,2929,3144,3350,4356,4013,3681,2504,7191,7070,6911,2123.75,2938,3137,3330,5360,6001,870,3450,3236,6687,6192,6199,0,4969,3515,2253,5,1,2,3477,3448,3223,1287,0.0,6.228873913135908,LOW,0
LOW,South Tripura,NPD,TRIPURA,HF,875144,5366.0,2768,2904,3031,3764,3433,3147,3850,6436,6261,6133,3840.0,2706,2813,2954,4711,5161,211,2991,2763,5755,5481,5473,0,4223,3412,3000,17,0,12,5245,5223,5211,756,0.0,5.954448639309645,LOW,0
LOW,Unakoti,NPD,TRIPURA,HF,298574,4194.25,2084,2190,2226,2671,2306,2054,1378,4743,4486,4246,1357.75,2030,2099,2166,3429,2894,176,1993,1899,3892,3446,3448,0,2043,1536,1012,9,0,27,4138,4038,4009,402,7.206294331525302,13.427157086685378,LOW,0
LOW,West Tripura,NPD,TRIPURA,HF,1724619,16170.25,4965,5041,5310,6869,6142,5639,11995,11677,11136,10833,9967.0,5124,4913,5140,10123,9321,2211,5406,4993,10399,10378,10290,51,8756,7580,5427,3,0,2,5135,5050,4590,3004,35.690542817829034,2.6614574001562086,LOW,0
HIGH,Agra,NPD,UTTAR PRADESH,HF,4380793,117224.75,53970,55634,58039,62603,57712,55428,59012,113439,110315,108581,34262.5,52115,54685,56157,90376,83865,121,62026,54535,116561,92990,92959,4757,31037,47389,49518,113,0,53,60124,57306,39128,42,0.5662200175304276,8.93171624406814,HIGH,1
HIGH,Aligarh,NPD,UTTAR PRADESH,HF,3673849,90024.0,36816,36984,40083,50137,43665,40913,46275,83680,78599,78876,28536.25,36796,36510,38825,62827,62888,9,43711,37435,81146,67798,67520,179,9087,21108,25466,7,0,0,40754,40418,31163,1,9.861814627210522,8.48238455091649,HIGH,1
HIGH,Allahabad,NPD,UTTAR PRADESH,HF,5959798,152791.0,71796,74844,79191,75338,68607,65261,59596,143355,140068,140845,36139.5,65219,73679,77601,105852,101530,93460,73299,65867,139166,106953,106918,401,62209,71611,73837,24,0,58,73970,71102,55623,106973,8.917410056875077,9.33303444177135,HIGH,1
HIGH,Ambedkar Nagar,NPD,UTTAR PRADESH,HF,2398709,49855.0,20945,21663,23215,28179,26152,25570,27648,47788,47037,47284,11909.75,19599,20855,22434,35102,35241,29304,24423,21907,46330,40968,40340,109,25070,26143,32154,17,0,0,26515,26623,24347,34298,7.070504462942534,10.15004321074378,HIGH,1
HIGH,Auraiya,NPD,UTTAR PRADESH,HF,1372287,30938.75,14232,14830,14522,16495,15064,14369,14281,30270,28993,28603,9497.75,14144,13932,14676,24145,20206,3,14917,13163,28080,24399,24293,650,12452,11871,15240,27,0,284,16147,16389,15190,0,9.240030705830067,11.069113093689586,HIGH,1
HIGH,Azamgarh,NPD,UTTAR PRADESH,HF,4616509,114894.0,62096,62808,64257,53196,48535,46302,55067,108493,105811,104276,44606.0,62171,61822,63519,92411,58354,48254,58707,50230,108938,84783,82185,2267,37604,36191,38165,346,0,401,61097,57721,54999,76198,5.183908646230438,11.913547661230597,HIGH,1
HIGH,Bagpat,NPD,UTTAR PRADESH,HF,1302156,28579.0,11934,13056,13810,15864,14154,13503,17296,27748,27172,27296,10554.25,11917,13048,13800,21758,23868,0,15645,13056,28702,26106,26082,0,13950,11636,13018,0,0,0,12052,12026,10002,0,0.0,7.6811073327619726,HIGH,1
HIGH,Bahraich,PD,UTTAR PRADESH,HF,3478257,101308.5,49525,44750,43751,50572,43649,39924,46144,92470,83971,78558,30623.25,40786,41023,41045,64761,43580,34890,45207,37282,82489,66272,64533,1718,24734,29963,29471,266,1,178,34450,34788,30964,59254,18.576427446857867,8.902159903652894,HIGH,1
HIGH,Ballia,NPD,UTTAR PRADESH,HF,3223642,71976.0,37142,39229,40220,38601,34389,32851,25751,71831,70734,70489,14141.75,36366,38589,40212,57926,41018,49693,32875,28628,61503,59762,59491,1493,35680,35014,36683,70,0,24,37971,36481,33028,39967,14.55068356118706,10.245554562200144,HIGH,1
HIGH,Balrampur,PD,UTTAR PRADESH,HF,2149066,60247.0,25472,24631,23753,31076,26507,23309,29177,54371,49188,45527,18938.75,22271,22855,22594,36127,28786,29275,24291,21543,45834,35452,35079,472,9633,21843,23103,64,0,158,23586,23411,21226,32822,23.923182897073715,9.876848826420408,HIGH,1
HIGH,Banda,NPD,UTTAR PRADESH,HF,1799541,39319.5,20918,21169,21957,21781,20596,19283,28090,41934,41418,41362,22392.25,17234,19017,20671,33692,24019,62,22502,19451,41954,37493,37298,800,22395,23474,27454,24,0,313,27816,26916,22574,0,0.0,12.544309910138196,HIGH,1
HIGH,Barabanki,PD,UTTAR PRADESH,HF,3257983,84872.25,37417,38501,39180,46072,41659,39576,31476,81375,77344,76447,19314.5,36344,37040,38514,63089,56604,57717,38974,34580,73554,60122,58982,225,34993,34816,35747,9,0,0,39058,38555,34656,61433,13.335630904094096,10.637256241054665,HIGH,1
HIGH,Bareilly,PD,UTTAR PRADESH,HF,4465344,105394.75,56210,57526,59229,60643,55362,51436,51924,116806,112246,109027,47166.75,49961,52221,54207,87617,89486,84013,55152,50058,105210,93198,92896,99,60642,70182,68271,54,0,2,53469,51363,38485,87325,0.17529336138659657,8.618596909890929,HIGH,1
HIGH,Basti,NPD,UTTAR PRADESH,HF,2461056,64876.5,26359,26675,28196,33648,31225,30732,31397,59106,57075,58037,21624.75,26107,26465,27810,44808,46290,43414,30332,26462,56794,45380,45712,129,30755,26583,38221,48,0,4,28584,27906,27030,49392,12.458286128259077,10.983090185676392,HIGH,1
HIGH,Bijnor,NPD,UTTAR PRADESH,HF,3683896,82847.25,37408,37909,39242,40253,36768,35410,44384,75677,73060,70561,15392.0,36242,37225,38901,62341,60209,81,37111,32200,69312,64902,63377,129,62855,42027,40656,25,0,56,37474,37616,33212,0,16.33759720449381,9.015455376590436,HIGH,1
HIGH,Budaun,PD,UTTAR PRADESH,HF,3712738,84373.5,38035,37497,38113,45775,40437,37703,50769,82494,76855,73921,26920.5,36269,36072,37019,61191,56109,110,38981,34222,73204,60713,60666,2780,27490,34147,32299,53,0,9,40115,39354,32073,8,13.238161271015189,8.638638115590165,HIGH,1
HIGH,Bulandshahar,NPD,UTTAR PRADESH,HF,3498507,89321.5,39700,41136,43254,49952,44610,42473,47001,88992,85428,84827,29233.0,39629,40748,43041,68988,71189,134,43933,37385,81319,77278,76737,880,35835,40028,39204,80,0,18,49762,49069,40125,3,8.959209148973093,11.469178137988575,HIGH,1
HIGH,C S M Nagar,NPD,UTTAR PRADESH,HF,447330,43594.25,19311,19845,20340,23425,21332,20303,21571,41847,40792,39996,14215.0,19003,19586,19936,32123,33659,26948,28160,24684,52844,35173,35610,784,29424,24365,24372,53,0,47,25635,26104,24229,34780,0.0,54.16359287327029,HIGH,1
HIGH,Chandauli,NPD,UTTAR PRADESH,HF,1952713,46828.25,21836,22581,23877,24466,22578,21347,18654,46636,45498,45193,8420.0,21001,23299,24355,34760,22716,145,23340,20082,43423,36075,35745,905,10155,10174,22767,70,0,130,21887,21239,20267,6,7.271785727632358,10.378893365282046,HIGH,1
HIGH,Chitrakoot,NPD,UTTAR PRADESH,HF,990626,23242.25,10352,10681,11488,12993,12200,11992,15373,23542,22952,23425,13375.0,10259,10812,11400,20760,19390,4,11967,10488,22455,19406,19541,4,7385,8224,12352,3,0,121,13490,12972,9663,1,3.3871505555615316,9.754438102775417,HIGH,1
HIGH,Deoria,NPD,UTTAR PRADESH,HF,3098637,74588.5,38268,39125,40975,39044,36198,35027,31864,74541,72015,72544,19693.75,32628,37332,39872,68917,60067,56177,45228,39895,85124,67835,65528,4227,33085,44187,53453,147,0,34,35349,33564,30885,66012,0.0,9.967285616224167,HIGH,1
HIGH,Etah,PD,UTTAR PRADESH,HF,1761152,48004.75,21425,21971,22835,26619,24246,23921,22022,47097,45297,45370,15297.5,21269,21740,22805,36504,34572,45,22944,20102,43046,39396,39313,332,33615,31442,30452,1,0,3,22110,21850,18827,0,10.329706956082472,10.690161894032997,HIGH,1
HIGH,Etawah,NPD,UTTAR PRADESH,HF,1579160,42689.25,16778,17289,17783,21377,19655,18934,32141,38082,36738,36200,25972.5,17010,17782,18011,28564,24411,0,19568,16795,36364,30658,30765,628,15153,17674,21324,141,0,621,18206,17681,16404,3,14.816962115755135,10.387801109450594,HIGH,1
HIGH,Faizabad,PD,UTTAR PRADESH,HF,2468371,55023.75,25807,27024,28374,32335,29281,27566,26391,57235,55718,55496,13837.5,25524,26648,28199,42984,45987,41197,30435,27174,57610,46920,46901,342,31839,33405,35943,8,0,1,30089,29302,25616,45068,0.0,10.377694438963998,HIGH,1
HIGH,Farrukhabad,NPD,UTTAR PRADESH,HF,1887577,51174.5,22901,22861,23139,27084,23615,22316,28232,48283,44438,43109,15032.0,21015,22386,23074,34297,25094,240,24136,21841,45978,32298,32995,1913,13167,16580,18332,167,0,51,19029,19312,15184,67,10.15447146528056,8.044175151530242,HIGH,1
HIGH,Fatehpur,NPD,UTTAR PRADESH,HF,2632684,61735.75,28295,29400,31204,33086,30159,28971,35610,60670,59116,58936,32100.25,25318,29420,31389,50643,50060,45273,31671,27097,58768,54948,54892,40,49266,44148,39080,15,0,11,30640,29608,24600,46072,4.807182224237982,9.344076235507186,HIGH,1
HIGH,Firozabad,NPD,UTTAR PRADESH,HF,2496761,62273.0,27057,26764,27301,31681,28824,28141,36226,56555,54028,53255,21125.0,25151,24873,25640,42679,41377,32,27603,24260,51863,47675,47595,856,27674,30368,31283,9,1,0,28770,29065,22787,0,16.716715109276894,9.126624454643435,HIGH,1
HIGH,Gautam Buddha Nagar,NPD,UTTAR PRADESH,HF,1674714,48662.0,24950,24017,24908,26804,24953,23969,28718,49964,47599,47485,15973.25,23939,23531,24325,34587,37530,185,24905,20380,45285,39194,41328,1933,28945,26443,19729,56,0,0,18228,18497,13731,0,6.939706547203156,8.199011890985565,HIGH,1
HIGH,Ghaziabad,NPD,UTTAR PRADESH,HF,4661452,90824.25,45232,46182,47346,44680,42595,42590,52467,97465,95371,96252,21756.5,43949,45304,46212,81784,60228,526,53237,47483,100721,83798,83462,7507,47935,56811,50643,272,0,1440,40544,38435,14792,26,0.0,3.1732601773009783,HIGH,1
HIGH,Ghazipur,NPD,UTTAR PRADESH,HF,3622727,86239.25,38833,40387,41700,45694,42597,42122,35786,83103,81799,82000,14175.0,35833,39165,40657,60034,54068,48941,47280,41115,88396,66530,65061,494,27278,39102,38614,38,0,237,46019,45153,42010,60271,0.0,11.596236757558602,HIGH,1
HIGH,Gonda,PD,UTTAR PRADESH,HF,3431386,101349.5,40870,41514,42580,51595,46531,44908,39862,90341,85713,84127,28198.0,38491,39330,40806,64712,62230,40444,54424,42921,97345,66274,65868,756,46380,47652,46400,117,0,740,42495,41206,35704,66024,3.951178841533505,10.405124926196004,HIGH,1
HIGH,Gorakhpur,NPD,UTTAR PRADESH,HF,4436275,112192.25,48152,50198,51413,59548,54256,51710,51099,106597,102612,101135,25073.0,44888,47591,49790,85995,84691,66411,57540,50486,108027,90745,89284,5156,61092,60133,68326,27,0,12,59839,59079,53035,78595,3.712600469283752,11.954849507751437,HIGH,1
HIGH,Hamirpur,NPD,UTTAR PRADESH,HF,1104021,21611.0,13124,13762,14134,12542,11450,11107,18711,25150,24775,25109,17259.0,9685,13824,14743,19974,12761,0,12896,10797,23693,21089,21018,115,12002,14916,15344,52,0,0,13267,12822,11501,0,0.0,10.417374307191622,HIGH,1
HIGH,Hapur,NPD,UTTAR PRADESH,HF,262983,28170.75,12100,11761,12023,16056,14698,13825,15224,27416,26208,25378,5801.75,12052,11524,11863,19459,21008,75,13612,11416,25028,22896,22798,353,11614,15720,16483,29,0,151,19350,19424,17356,10,11.156075006877701,65.99666138115391,HIGH,1
HIGH,Hardoi,PD,UTTAR PRADESH,HF,4091380,103923.0,46112,47700,50142,55388,49429,46569,65213,100159,95688,95154,41736.5,44342,46684,49405,80469,78097,64266,49242,43454,92697,83190,82583,67,73360,67597,70714,51,0,9,51766,50447,44460,79844,10.802228573078144,10.86674911643504,HIGH,1
HIGH,Hathras,NPD,UTTAR PRADESH,HF,1565678,42654.5,18105,18280,19737,19055,17449,16486,24778,36813,35503,35974,15362.75,18719,18953,19641,34969,28345,20,21055,18369,39424,31415,31624,241,16160,19128,17848,4,0,0,19190,19066,16621,24,7.573644046935259,10.61584821400058,HIGH,1
HIGH,Jalaun,NPD,UTTAR PRADESH,HF,1670718,37290.5,17323,18176,19200,22244,20978,20524,25783,39527,39152,39698,18573.75,17389,18208,19078,31769,30405,4,20670,18056,38726,32699,32999,93,23114,25583,29701,4,0,164,19500,18479,15345,0,0.0,9.18467389469677,HIGH,1
HIGH,Jaunpur,NPD,UTTAR PRADESH,HF,4476072,121034.5,52860,54242,59983,61951,56609,54511,53818,113943,110280,113581,28489.0,48798,50552,53902,93440,76003,75117,56948,51280,108229,91221,91482,1140,33050,45905,51466,0,0,0,59261,58853,52350,85884,10.580041227914355,11.695522324037684,HIGH,1
HIGH,Jhansi,NPD,UTTAR PRADESH,HF,2000755,46764.75,20184,20700,22160,25210,23577,22704,28318,45437,44243,44241,14806.5,20429,20565,21736,35677,31281,12,22618,20058,42677,37484,37532,712,13979,26412,28683,15,0,4,21036,20163,16171,0,8.74109238261725,8.082448875549481,HIGH,1
HIGH,Jyotiba Phule Nagar,NPD,UTTAR PRADESH,HF,1838771,42937.25,17810,17453,17662,24215,20830,19004,22313,40587,37045,35499,11600.5,17689,17254,17377,29429,29353,0,20183,18073,38256,31346,31311,1,9239,9146,10365,0,0,0,22770,21993,19360,2,10.902538006043704,10.52877166324681,HIGH,1
HIGH,Kannauj,NPD,UTTAR PRADESH,HF,1658005,38933.75,17757,17266,17762,19949,17815,15691,18418,37131,34603,32963,12097.5,17032,16705,17267,27072,23466,156,17282,14824,32106,26137,26158,119,7918,12444,15848,6,0,0,23793,23205,20934,1,17.536841429351142,12.626017412492725,HIGH,1
HIGH,Kanpur Dehat,NPD,UTTAR PRADESH,HF,1795092,37394.5,14657,15421,15872,20385,18244,17073,21995,34966,33189,32597,13067.75,14569,15328,15958,26641,18084,13664,18367,15993,34361,28036,27912,0,20350,24010,27500,0,0,0,21266,20199,18943,58121,8.112155530893581,10.552662481922932,HIGH,1
HIGH,Kanpur Nagar,NPD,UTTAR PRADESH,HF,4572951,127891.25,55699,59369,61455,66168,63000,61073,61535,122322,121055,120307,33730.0,53615,57618,59600,96305,101603,84846,66542,60519,127061,104657,105072,2223,65097,54777,51356,17,0,60,38806,38118,22646,101321,0.6491843656231369,4.952163274874365,HIGH,1
HIGH,Kashi Ram Nagar,PD,UTTAR PRADESH,HF,1438156,36403.5,15922,15009,14862,18974,16528,15042,19505,33652,30967,29232,14821.0,16181,14612,14610,26899,22489,122,15371,13415,28787,25149,24589,165,4760,15951,17268,42,0,2,17250,15627,12592,0,20.922438776491273,8.755656549080907,HIGH,1
HIGH,Kaushambi,PD,UTTAR PRADESH,HF,1596909,46739.75,25177,25074,25389,23668,21175,19465,26045,47958,45311,43866,20974.25,25085,25105,25386,36489,24213,0,20986,18555,39542,33023,32825,14,19040,17415,22833,10,0,51,21550,21024,18844,0,15.399633074631335,11.800296698183804,HIGH,1
HIGH,Kushinagar,NPD,UTTAR PRADESH,HF,3560830,86422.25,42267,43800,44002,41316,37254,33899,31573,83087,80947,76702,16863.0,41644,42788,43653,73171,52592,39880,44196,39254,83451,66257,67018,2879,28761,36469,46387,268,0,96,41692,39437,35960,78747,3.4380613788694463,10.098769107202534,HIGH,1
HIGH,Lakhimpur (Kheri),PD,UTTAR PRADESH,HF,4021243,95017.75,41738,42732,45459,55174,49852,45323,47178,94774,90697,88757,29284.25,41062,42489,44044,71786,72338,70130,46864,40890,87754,78267,78130,1065,39687,51309,55521,67,2,31,45778,44920,41593,86983,7.644624293881932,10.343319217465844,HIGH,1
HIGH,Lalitpur,NPD,UTTAR PRADESH,HF,1218002,32470.25,15450,15959,17362,17403,15917,15084,26308,32341,31554,32150,21181.0,15636,16095,17417,24829,28975,11,16331,14761,31092,29012,29012,0,15747,16278,20624,2,0,8,16545,16303,13094,0,4.244654722399735,10.750392856497774,HIGH,1
HIGH,Lucknow,NPD,UTTAR PRADESH,HF,4588455,129013.75,57088,57317,61102,65123,60061,58907,82698,118884,115006,117224,57630.25,55385,56372,59512,99156,94687,70339,80128,74639,154768,101408,99339,10317,63931,63598,69603,73,0,102,51786,47446,28790,94684,0.0,6.274443140447057,HIGH,1
HIGH,Maharajganj,NPD,UTTAR PRADESH,HF,2665292,62155.75,27659,28592,29536,35451,32281,30165,27716,61548,58885,57731,17094.5,25644,26644,27725,47395,47036,41993,30877,27814,58692,52913,52152,127,23566,28739,40660,135,0,112,32055,31426,29318,54685,5.572694400759383,10.999920458996613,HIGH,1
HIGH,Mahoba,NPD,UTTAR PRADESH,HF,875958,16721.25,8945,9279,9816,10717,10023,9642,12949,19600,19231,19375,6923.25,8264,9295,9832,15886,14008,56,17695,16368,34063,16679,16692,298,9534,12437,16153,8,0,9,11103,10933,9501,0,0.0,10.846410444336373,HIGH,1
HIGH,Mainpuri,NPD,UTTAR PRADESH,HF,1847194,47190.0,21881,22546,23386,28283,25846,24616,27150,49099,47790,47437,17595.25,20952,22703,23597,39714,40314,0,27248,24036,51284,41762,41957,130,33831,32060,28071,3,0,20,27025,26881,22697,2,0.0,12.28728547191037,HIGH,1
HIGH,Mathura,NPD,UTTAR PRADESH,HF,2541894,58895.5,26654,27384,27748,32230,29448,27624,29125,57953,55318,53975,12750.5,26302,27067,27571,44592,31793,242,30357,26624,56981,50982,50383,356,30901,29298,29296,95,1,9,24966,24264,21940,2,3.2506728018269646,8.631359136140217,HIGH,1
HIGH,Maunathbhanjan,NPD,UTTAR PRADESH,HF,2205170,56881.0,28107,28113,28559,29792,28446,28394,25354,58467,56695,56954,12877.0,27613,27968,28290,51647,45467,44996,27873,26679,54553,47736,47670,822,30618,31062,31665,29,0,1,24388,24305,22805,49260,4.092755050016701,10.341606316066335,HIGH,1
HIGH,Meerut,NPD,UTTAR PRADESH,HF,3447405,88552.25,43061,45642,46162,43101,38723,35884,36265,86415,82979,81302,19487.5,42908,45558,46041,68479,50827,247,43780,37756,81537,56802,56531,596,22035,18091,18330,54,0,423,31259,30987,19747,2,7.9221589513535795,5.728076625751833,HIGH,1
HIGH,Mirzapur,NPD,UTTAR PRADESH,HF,2494533,61625.5,29245,29301,30905,32408,30190,28570,31048,60212,58476,58456,14566.5,29052,29013,30544,49400,37742,137,27509,24480,51990,45042,44872,4,19455,22302,29222,2,0,37,27834,26982,23447,0,15.635572936527897,9.399354508439055,HIGH,1
HIGH,Moradabad,NPD,UTTAR PRADESH,HF,4773138,68982.75,26951,27642,29318,40450,36432,34240,41565,64481,62037,61159,17929.25,24060,26976,28971,53832,45575,416,39158,35942,75100,53707,49784,605,28579,30180,29347,78,0,9,31266,31688,25306,44,0.0,5.301753270070968,HIGH,1
HIGH,Muzaffarnagar,NPD,UTTAR PRADESH,HF,4138605,67524.0,29443,29557,30130,34657,31241,29688,49407,63094,59888,59047,18723.75,28915,29197,29561,48948,51973,47405,31753,27663,59416,53827,53794,4,33149,30253,30413,18,0,485,31775,31902,26469,49389,12.00758248918903,6.395633311224435,HIGH,1
HIGH,Pilibhit,PD,UTTAR PRADESH,HF,2037225,44811.5,19022,19701,20895,25120,22458,21154,28466,44133,42123,41552,14766.25,18746,19625,20630,35089,35217,20907,24062,22408,46471,36629,36906,181,12903,17234,18902,4,1,4,24384,24071,21132,21586,0.0,10.372933770202113,HIGH,1
HIGH,Pratapgarh,NPD,UTTAR PRADESH,HF,3173752,62171.25,29318,29115,29349,33441,31106,28823,36737,59145,57599,55935,14850.0,26862,28766,29994,45711,40115,39722,28147,24385,52533,47888,47135,1525,31926,34968,41147,43,0,70,38384,36396,32542,42443,15.50274443573195,10.25347916283314,HIGH,1
HIGH,Rae Bareli,NPD,UTTAR PRADESH,HF,3404004,56369.75,24860,26388,27572,33050,30895,29138,35936,56314,56151,55858,24836.25,24406,26350,27392,46561,41006,38244,33088,29650,62738,50891,50468,969,38908,40637,45519,59,0,33,37258,36408,31673,43403,0.0,9.304630664358797,HIGH,1
HIGH,Rampur,NPD,UTTAR PRADESH,HF,2335398,52627.5,22140,22863,23306,27867,24464,22423,27557,48287,45607,44489,13327.5,23090,22626,23055,44511,29086,3,24422,21888,46311,37415,37187,403,5878,6456,7525,0,0,0,28203,25965,19490,0,12.002280176713695,8.34547259182375,HIGH,1
HIGH,Saharanpur,NPD,UTTAR PRADESH,HF,3464228,90314.75,40718,41717,45992,44943,42247,41216,51016,85014,83464,83227,31820.25,40473,41485,42450,68438,75151,65981,45913,41422,87335,75493,75433,320,36723,39337,43548,5,0,18,33327,32806,26824,73301,3.299294965661755,7.7431393083827045,HIGH,1
HIGH,Sambhal,NPD,UTTAR PRADESH,HF,993393,53192.0,25906,24385,24782,31711,28060,25720,29535,55047,50052,47657,18033.5,20002,21728,23036,40751,29712,148,25372,21799,47171,39418,38679,523,13863,13811,12494,17,0,2,25940,24587,20742,2,11.319371334035193,20.87995385512078,HIGH,1
HIGH,Sant Kabir Nagar,PD,UTTAR PRADESH,HF,1714300,43715.25,18562,18768,18486,22420,20615,19432,18160,40304,38849,37958,11962.25,18431,18782,18596,29937,29436,28519,18829,17549,36378,30831,30532,231,22739,18081,26915,5,0,0,19209,18213,16906,32769,16.784188584075352,9.861751152073733,HIGH,1
HIGH,Sant Ravidas Nagar,NPD,UTTAR PRADESH,HF,1554203,37114.75,16437,16593,16982,22214,19721,18372,13873,37427,35018,34043,5757.75,16302,16329,16840,25859,22099,0,17854,15649,33503,28121,27812,45,11028,11065,13993,2,0,0,16520,16148,11571,2,9.731306286584175,7.444973404375104,HIGH,1
HIGH,Shahjahanpur,PD,UTTAR PRADESH,HF,3002376,72994.25,30430,30647,32307,40800,36504,34308,38687,70743,66952,65919,24288.5,30039,30413,31913,51328,57923,46703,35922,30944,66866,62547,61800,131,38845,39406,34225,20,0,8,42161,41075,33097,56257,8.395524304996627,11.023602640042421,HIGH,1
HIGH,Shamli,NPD,UTTAR PRADESH,HF,1274815,35107.0,13611,13673,14728,18982,16772,16502,21636,32291,30116,30878,10817.75,13419,13477,14556,23507,25421,22671,17249,14748,31997,26121,26122,158,16592,14824,14025,4,0,37,13315,13106,10070,24523,8.858632181616203,7.899185371995153,HIGH,1
HIGH,Shrawasti,PD,UTTAR PRADESH,HF,1114615,38260.25,13768,13599,13746,19458,17014,15077,21795,31660,29741,28126,19196.75,13252,13443,13469,28130,23917,26335,15977,13805,29782,25021,24936,143,8630,10137,11383,23,0,24,16093,15344,14269,23534,22.159421331538606,12.801729745248359,HIGH,1
HIGH,Siddharth Nagar,PD,UTTAR PRADESH,HF,2553526,67186.25,33081,32601,32436,35352,30436,26879,41157,63614,59217,55368,17972.0,31951,31942,31894,46540,38724,38744,30678,27375,58054,46866,46702,239,30583,24004,29481,0,0,0,26685,26172,23466,34187,13.592438929096357,9.189646003212813,HIGH,1
HIGH,Sitapur,PD,UTTAR PRADESH,HF,4474446,111184.0,56731,57757,58848,61837,54140,47884,73520,114690,108889,105008,59879.25,50448,52854,56245,80682,75728,73983,59790,52311,112101,80607,79637,479,27902,37669,42682,128,0,88,56044,55332,47300,80144,0.0,10.5711410976912,HIGH,1
HIGH,Sonbhadra,PD,UTTAR PRADESH,HF,1862612,43981.5,20442,21123,22410,25213,23384,21691,16557,44335,43428,43208,9780.75,19418,20611,22098,34332,32720,2,21152,19159,40311,38095,37961,22,21269,19455,25994,236,0,918,21226,20587,18145,0,8.345554380819207,9.74169606982023,HIGH,1
HIGH,Sultanpur,NPD,UTTAR PRADESH,HF,3790922,48731.0,21365,22542,22657,25761,23500,21675,29567,45132,43274,42010,16793.75,22260,21560,22491,33245,35068,26279,23284,20030,43315,38832,37934,186,23562,22970,26168,31,0,51,29050,28018,27957,39689,11.114075229320147,7.374723088472936,HIGH,1
HIGH,Unnav,NPD,UTTAR PRADESH,HF,3110595,62663.25,32284,32893,34948,35063,31676,29917,37605,66131,63720,63835,27651.25,30689,32690,34046,51942,49967,42522,31988,28149,60137,56415,54708,1365,40361,38786,40534,13,0,0,36760,36195,31708,51976,4.031469800880101,10.193548179689095,HIGH,1
HIGH,Varanasi,NPD,UTTAR PRADESH,HF,3682194,80772.5,35297,37010,39369,41467,38339,36433,39205,75417,74193,74744,19434.25,33909,35322,38023,60382,44357,0,41684,36324,78008,60776,59689,140,33542,32332,41811,53,0,80,35991,35297,29681,20,3.422575752886193,8.060683386046472,HIGH,1
HIGH,Almora,NPD,UTTARAKHAND,HF,621927,8609.5,1926,2145,2310,6750,6566,6426,6775,8592,8670,8706,5108.5,1953,2158,2350,6996,6809,268,4332,3874,8206,7960,7992,82,9320,10842,10117,93,0,1176,15501,14904,14615,0,4.686683314942796,23.499542550813842,HIGH,1
HIGH,Bageshwar,NPD,UTTARAKHAND,HF,259840,3633.75,812,908,983,3222,3112,3047,1528,3969,3980,4016,1064.25,999,928,989,3215,3684,0,2000,1831,3832,4474,4478,6,4366,4615,3807,3,0,842,3878,3679,3665,0,0.0,14.104833743842365,HIGH,1
HIGH,Chamoli,NPD,UTTARAKHAND,HF,391114,6502.5,1308,1408,1561,5403,5334,5292,5146,6683,6739,6823,2776.75,1290,1400,1550,5249,5229,0,3213,2858,6072,6022,6175,17,6219,7100,6126,10,3,14,6085,5784,5437,1,6.620530565167243,13.901317774357349,HIGH,1
HIGH,Champawat,NPD,UTTARAKHAND,HF,259315,3988.5,810,879,953,3155,3050,2954,1025,3970,3928,3898,551.5,812,885,963,3041,2744,0,2038,1817,3855,3690,3713,0,3604,3384,3217,0,0,465,6401,6033,4946,0,3.3471229785633696,19.073327805950292,HIGH,1
HIGH,Dehradun,NPD,UTTARAKHAND,HF,1698560,31283.5,5868,6769,7507,26019,24364,23556,23748,30808,30135,30141,16021.25,5783,6644,7974,24706,23823,11,14251,13300,27551,27796,27331,10,17097,13317,10462,45,0,387,13567,12723,12094,0,11.931209743155337,7.120148831951771,HIGH,1
HIGH,Garhwal(Pauri),PD,UTTARAKHAND,HF,686527,10658.75,1947,2163,2373,7466,7346,7072,7919,9246,9345,9323,6901.75,1984,2189,2397,7682,7501,0,5673,4833,10507,8803,8813,4,8156,7394,7008,3,0,376,14002,12702,11570,0,1.4237129119268208,16.852942418870636,HIGH,1
HIGH,Hardwar,PD,UTTARAKHAND,HF,1927029,40128.75,7652,9065,10258,34504,32044,30730,22705,42924,40448,40127,11409.75,7515,8741,9861,30206,31487,0,20510,18285,38795,36785,36633,0,17774,17354,15524,54,0,13662,22380,19957,17284,0,3.323676914930069,8.96924747889108,HIGH,1
HIGH,Nainital,NPD,UTTARAKHAND,HF,955128,16061.25,3250,3562,3939,12929,12184,11778,11912,15790,15569,15540,8814.0,3663,4034,4237,12157,10950,5,7715,7270,14985,13192,13215,0,10438,10512,7594,21,0,14,12282,11496,10249,0,6.7009105766985755,10.730498948831988,HIGH,1
HIGH,Pithoragarh,NPD,UTTARAKHAND,HF,485993,7791.75,1455,1568,1738,5820,5636,5439,6679,7205,7204,7160,5815.5,1756,1875,2007,5850,6303,2,4098,3503,7601,7131,7101,0,6128,6988,5198,0,0,0,9183,8129,7659,0,2.4481021593351944,15.759486247744308,HIGH,1
HIGH,Rudraprayag,NPD,UTTARAKHAND,HF,236857,3473.75,860,945,1009,2922,2860,2768,4108,3749,3795,3772,2037.75,868,941,992,2910,3191,0,1636,1445,3082,3936,3934,0,4326,4509,4198,10,0,78,6413,5710,5564,0,11.277437927311983,23.490967123623115,HIGH,1
HIGH,Tehri Garhwal,PD,UTTARAKHAND,HF,616409,9343.25,1976,2262,2501,8349,8149,7959,4588,10240,10379,10417,3460.25,1993,2270,2503,8011,8302,0,5440,4879,10319,9831,9855,1,7738,7333,6167,52,0,3247,13258,12648,10952,0,0.0,17.767423901987158,HIGH,1
HIGH,Udham Singh Nagar,NPD,UTTARAKHAND,HF,1648367,37024.0,6344,7189,8292,29578,27900,26970,18660,35004,34497,34938,13824.5,6194,6956,7918,26076,25023,24532,18191,16349,34541,29185,28892,0,15366,15363,13060,2,0,43,18088,16627,16234,25840,6.706460674157304,9.848534943977889,HIGH,1
HIGH,Uttarkashi,NPD,UTTARAKHAND,HF,329686,5306.25,1060,1204,1350,4426,4243,3980,3383,5521,5439,5301,3188.5,1044,1191,1337,3993,4388,0,2778,2506,5285,4926,4920,0,4140,3795,3487,52,0,1025,4585,4263,3712,0,0.4004711425206125,11.25919814611479,HIGH,1
LOW,Bankura,NPD,WEST BENGAL,NHF,3596292,52644.75,11376,12781,14750,42272,40127,38728,47926,53208,52627,53080,37759.25,11434,12842,14816,41444,53011,36727,27269,25670,52939,52373,53233,4,48514,39524,29777,89,1,1248,21031,20681,18356,40851,0.0,5.104146159433105,LOW,0
LOW,Bardhaman,NPD,WEST BENGAL,NHF,7723663,121209.0,27656,30462,33544,86842,82428,79724,95076,113431,111387,111782,66928.25,27260,29588,32648,86522,104685,71463,57772,53356,111128,106383,107132,550,81691,60148,43460,35,1,2523,38498,38198,28622,93318,8.317039163758466,3.705754639994003,LOW,0
LOW,Birbhum,NPD,WEST BENGAL,NHF,3502387,62373.5,12987,14808,16580,48026,44569,42370,50974,58873,57253,56788,43869.5,12715,14327,15894,45025,55431,41667,30028,28404,58432,56065,55056,0,39767,26079,20636,132,1,4697,24594,24365,21479,51930,6.31919004064226,6.132674658739882,LOW,0
LOW,Dakshin Dinajpur,NPD,WEST BENGAL,NHF,1670931,24117.5,5754,6463,7288,20906,19665,18742,22178,26456,26048,25722,19138.0,5711,6449,7163,19575,25247,19139,12935,12246,25181,25218,25273,15,18679,11342,7883,53,0,798,9673,9632,8686,24448,0.0,5.198299630565235,LOW,0
LOW,Darjeeling,NPD,WEST BENGAL,NHF,1842034,33513.25,6183,6849,7407,20197,19139,18204,32089,25822,25519,25221,19593.5,5577,6320,6875,21156,22795,18701,13828,13130,26958,22682,23008,206,19040,16597,12355,30,0,806,10444,10294,4208,21701,19.56017396104526,2.2844312319968036,LOW,0
LOW,Haora,NPD,WEST BENGAL,NHF,4841638,58444.0,14268,15995,17949,50155,47520,45640,44967,63695,63207,62953,28121.75,13942,15501,17271,48319,60346,43316,31863,30101,61964,60086,60373,134,47798,44655,35299,128,1,6155,24323,24047,18388,55496,0.0,3.7978882353451455,LOW,0
LOW,Hooghly,NPD,WEST BENGAL,NHF,5520389,71845.25,16535,18426,20816,57853,55106,53307,59467,73950,73204,73818,38518.0,16420,18292,20627,56410,72487,54523,37071,34956,72027,71835,72718,0,63021,56234,41405,52,0,735,30340,29611,24166,73217,0.0,4.3775900575122515,LOW,0
LOW,Jalpaiguri,NPD,WEST BENGAL,NHF,3869675,57153.25,11929,13793,15773,44868,42926,41382,49623,55976,55857,56124,38326.25,11745,13681,15758,43487,55553,41330,28760,27090,55850,56485,56155,17,50248,47433,35518,64,1,3452,22071,21584,18524,51242,2.280272775388976,4.7869653136245285,LOW,0
LOW,Koch Bihar,PD,WEST BENGAL,NHF,2822780,47590.0,10233,11902,13695,38669,36669,35071,37211,48410,47839,47656,31364.0,10284,11842,13242,36240,46061,20140,24069,22667,46736,45827,46171,0,36489,30984,23977,33,0,2501,20936,20582,18857,22339,1.7944946417314562,6.680293894671211,LOW,0
LOW,Kolkata,NPD,WEST BENGAL,NHF,4486679,93966.25,9776,10584,11829,33367,29829,27851,86176,41480,38753,38076,76265.25,9578,10236,11406,32822,38354,11744,20974,19110,40084,39060,38103,433,31535,22950,11797,45,0,250,11910,11669,19,19647,57.34213081824592,0.004234758047098979,LOW,0
LOW,Malda,PD,WEST BENGAL,NHF,3997970,94143.25,19396,22136,24992,72892,68217,64684,70178,91329,89194,88357,56203.0,18885,21587,24049,69572,80704,68348,44629,43266,87895,81341,80962,111,33754,22594,14257,216,0,4422,22743,22474,20800,73081,6.63696016443027,5.202640339972536,LOW,0
LOW,Medinipur East,NPD,WEST BENGAL,NHF,5094238,81560.5,16569,18490,20918,62790,59643,57511,64052,79215,77972,78329,40678.25,16556,18472,20806,59521,77954,23997,39945,37522,77468,76238,78089,64,63735,50660,51607,29,2,1124,30242,30026,27724,29619,5.017747561626032,5.442227080870584,LOW,0
LOW,Medinipur West,NPD,WEST BENGAL,NHF,5943300,83066.5,19684,21910,24833,66655,63151,60532,72916,85278,84605,84668,49574.25,19346,21582,24477,68246,83788,59065,43049,40886,83935,84208,84835,948,75034,58152,43603,26,2,1990,34101,33926,29098,74937,0.0,4.895933235744452,LOW,0
LOW,Murshidabad,PD,WEST BENGAL,NHF,7102430,151355.5,33066,38491,43279,122163,114707,109687,131364,155044,152538,152139,105799.5,32634,37670,42322,116284,146732,61626,75399,72986,148385,145485,146340,291,104216,101935,84227,134,2,1248,46160,45962,40433,70422,1.9625979895015375,5.692840337743561,LOW,0
LOW,Nadia,NPD,WEST BENGAL,NHF,5168488,72583.5,15444,17506,19859,58391,55657,53639,59075,73482,72787,72705,40820.5,15349,17403,19675,54801,71770,31168,36660,35375,72035,70937,72153,13,61177,53856,39649,91,2,1159,23736,23601,20208,39225,0.7556813876431971,3.9098475221380022,LOW,0
LOW,North 24 Parganas,NPD,WEST BENGAL,NHF,10082852,102270.5,26896,29587,32842,92287,88176,85391,80581,118231,116611,116849,52517.5,26617,29143,32366,88248,113146,23300,61205,57999,119205,112650,113443,185,90493,72135,49491,38,1,144,34963,34053,23452,34262,0.0,2.3259292112985492,LOW,0
LOW,Puruliya,NPD,WEST BENGAL,NHF,2927965,51020.25,12004,13452,15090,42470,40366,38882,44750,54090,53576,53779,40380.0,11863,13328,15031,40659,52377,22547,27516,25771,53287,51433,52408,35,43848,30076,24667,138,1,1191,21832,21746,16204,26333,0.0,5.534219159040494,LOW,0
LOW,South 24 Parganas,PD,WEST BENGAL,NHF,8153176,127904.0,30917,35625,40438,110482,104335,100158,92414,140399,138580,138669,64274.75,30393,34512,38588,105976,132319,33388,68805,64895,133700,132142,133399,53,87228,72941,59469,145,2,3940,48816,47415,38566,40526,0.0,4.730181220177266,LOW,0
LOW,Uttar Dinajpur,PD,WEST BENGAL,NHF,3000849,65723.25,14011,16074,17982,53660,50659,48745,44479,67603,66477,66594,29628.0,13722,15643,17614,49728,62670,45192,33608,31699,65308,62871,62903,0,34215,23553,17607,49,0,711,19424,19324,13951,54260,0.6318159859714789,4.649017661335175,LOW,0
